CODIGO,DISTRITO,DEPARTAMENTO,MUNICIPIO,ESTABLECIMIENTO,DIRECCION,TELEFONO,SUPERVISOR,DIRECTOR,NIVEL,SECTOR,AREA,STATUS,MODALIDAD,JORNADA,PLAN,DEPARTAMENTAL
16-01-0138-46,16-031,alta verapaz,coban,colegio coban,km.2 salida a san juan chamelco zona 8,77945104,mercedes josefina torres galvez,julio cesar villela amado,diversificado,privado,urbana,abierta,monolingue,matutina,diario(regular),alta verapaz
16-01-0139-46,16-031,alta verapaz,coban,colegio particular mixto verapaz,km 209.5 entrada a la ciudad,77367402,mercedes josefina torres galvez,desconocido,diversificado,privado,urbana,abierta,monolingue,matutina,diario(regular),alta verapaz
16-01-0140-46,16-031,alta verapaz,coban,"colegio ""la inmaculada""",7a. avenida 11-109 zona 6,78232301,mercedes josefina torres galvez,virgina solano serrano,diversificado,privado,urbana,abierta,monolingue,matutina,diario(regular),alta verapaz
16-01-0141-46,16-005,alta verapaz,coban,escuela nacional de ciencias comerciales,2a calle 11-10 zona 2,79514215,rudy adolfo tot och,desconocido,diversificado,oficial,urbana,abierta,monolingue,matutina,diario(regular),alta verapaz
16-01-0142-46,16-005,alta verapaz,coban,instituto normal mixto del norte 'emilio rosales ponce',3a ave 6-23 zona 11,79521468,rudy adolfo tot och,desconocido,diversificado,oficial,urbana,abierta,bilingue,vespertina,diario(regular),alta verapaz
16-01-0143-46,16-031,alta verapaz,coban,colegio particular mixto imperial,5a. calle 1-9 zona 3,57101061,mercedes josefina torres galvez,hecotr waldemar tot coy,diversificado,privado,urbana,abierta,monolingue,doble,fin de semana,alta verapaz
16-01-0145-46,16-006,alta verapaz,coban,instituto de tursmo y aviacon del norte i.t.a.n,3 av. 5-28 zona 4,54641454,efrain caal cuc,luis fernando soto,diversificado,privado,urbana,cerrada temporalmente,monolingue,matutina,diario(regular),alta verapaz
16-01-0147-46,16-031,alta verapaz,coban,"colegio ""la inmaculada""",7a. calle 11-09 zona 6 coban,49532425,mercedes josefina torres galvez,mercedes quiros quiros,diversificado,privado,rural,cerrada temporalmente,monolingue,doble,diario(regular),alta verapaz
16-01-0150-46,16-006,alta verapaz,coban,instituto intercultrual altaverapacencese -iiav-,3a. avaenida 1-23 zona 4,desconocido,efrain caal cuc,guillermo estuardo vasquez morales,diversificado,privado,urbana,cerrada temporalmente,bilingue,doble,fin de semana,alta verapaz
16-01-0155-46,16-031,alta verapaz,coban,"liceo ""moderno latino""",11 avenida 5-17 zona 4,79522555,mercedes josefina torres galvez,jorge benedicto coc pop,diversificado,privado,urbana,abierta,monolingue,doble,fin de semana,alta verapaz
16-01-0428-46,16-005,alta verapaz,coban,instituto nacional de educacion diversificada,"diagonal 08 8-05 zona 8, barrio canton las casas",79945251,rudy adolfo tot och,heidy marybel perez del vale,diversificado,oficial,rural,abierta,monolingue,vespertina,diario(regular),alta verapaz
16-01-0471-46,16-031,alta verapaz,coban,"colegio de informatica ""ceninfav""",12 av. 2-12 zona 1,79545566,mercedes josefina torres galvez,maria magdalena bol cu,diversificado,privado,urbana,abierta,monolingue,vespertina,diario(regular),alta verapaz
16-01-0478-46,16-031,alta verapaz,coban,"colegio evangelico ""la patria""",finca chimaxito zona 11,79514440,mercedes josefina torres galvez,eligio pastor garcia,diversificado,privado,urbana,cerrada temporalmente,monolingue,matutina,diario(regular),alta verapaz
16-01-0481-46,16-031,alta verapaz,coban,liceo americano del norte,5ta. calle 2-23 zona 4,79514754,mercedes josefina torres galvez,jose cupertino reyes garcia,diversificado,privado,urbana,abierta,monolingue,matutina,diario(regular),alta verapaz
16-01-0483-46,16-031,alta verapaz,coban,liceo americano del norte,5ta. calle 2-23 zona 4,79514754,mercedes josefina torres galvez,jose cupertino reyes garcia,diversificado,privado,urbana,abierta,monolingue,doble,fin de semana,alta verapaz
16-01-0557-46,16-031,alta verapaz,coban,"colegio ""la libertad""",3ra. avenida 5-12 zona 4,79523696,mercedes josefina torres galvez,erick fernando choc garcia,diversificado,privado,urbana,cerrada temporalmente,monolingue,doble,fin de semana,alta verapaz
16-01-0558-46,16-005,alta verapaz,coban,"instituto normal preprimaria bilingue adscrito al instituto normal mixto del norte ""emilio rosales ponce""",3a. ave. 6-23 zona 11,79521468,rudy adolfo tot och,desconocido,diversificado,oficial,urbana,abierta,monolingue,vespertina,diario(regular),alta verapaz
16-01-0559-46,16-005,alta verapaz,coban,instituto normal primaria bilingue intercultural ads. al instituto emilio rosales ponce,3a. ave. 6-23 zona 11,79521468,rudy adolfo tot och,desconocido,diversificado,oficial,urbana,abierta,monolingue,vespertina,diario(regular),alta verapaz
16-01-0563-46,16-031,alta verapaz,coban,centro de formacion integral las conchas fmg,aldea las conchas,79522793,mercedes josefina torres galvez,carlos oxom,diversificado,privado,rural,abierta,monolingue,vespertina,diario(regular),alta verapaz
16-01-0565-46,16-031,alta verapaz,coban,"instituto mixto privado ""salud y desarrollo""",diagnonal 1 1-26 zona 1,44042550,mercedes josefina torres galvez,samantha gabriela de la cruz morales,diversificado,privado,urbana,abierta,monolingue,doble,fin de semana,alta verapaz
16-01-0568-46,16-031,alta verapaz,coban,instituto privado raul chenal heinemann,5a. calle 1-06 zona 3,79510413,mercedes josefina torres galvez,astrid yadira marroquin molina,diversificado,privado,urbana,abierta,monolingue,nocturna,diario(regular),alta verapaz
16-01-0570-46,16-031,alta verapaz,coban,liceo miguel angel asturias,7a. calle 1-13 zona 3,79511103,mercedes josefina torres galvez,waldemar perez oxom,diversificado,privado,urbana,cerrada temporalmente,monolingue,doble,fin de semana,alta verapaz
16-01-0572-46,16-031,alta verapaz,coban,liceo miguel angel asturias,7a. calle 1-13 zona 3,79511103,mercedes josefina torres galvez,waldemar perez oxom,diversificado,privado,urbana,abierta,monolingue,matutina,diario(regular),alta verapaz
16-01-0573-46,16-031,alta verapaz,coban,colegio cristiano bilingue verbo,4a. calle a 4-32 zona 8,77945181,mercedes josefina torres galvez,alicia winter caal de enriquez,diversificado,privado,urbana,abierta,monolingue,matutina,diario(regular),alta verapaz
16-01-0574-46,16-005,alta verapaz,coban,escuela nacional de ciencias comerciales,2a. calle 11-10 zona 2,53530198,rudy adolfo tot och,desconocido,diversificado,oficial,urbana,abierta,monolingue,vespertina,diario(regular),alta verapaz
16-01-0583-46,16-031,alta verapaz,coban,colegio nuevos senderos,"3a. calle 3-74, zona 3",79417300,mercedes josefina torres galvez,zoyla argentina mollinedo alvarado,diversificado,privado,urbana,abierta,monolingue,matutina,diario(regular),alta verapaz
16-01-0604-46,16-031,alta verapaz,coban,instituto privado raul chenal heinemann,"5a. calle 1-06, zona 3",79510413,mercedes josefina torres galvez,astrid yadira marroquin molina,diversificado,privado,urbana,abierta,monolingue,matutina,diario(regular),alta verapaz
16-01-0609-46,16-031,alta verapaz,coban,instituto mixto de educacion bilingue intercultural -imebi-,lotificacion chivencorral,30367501,mercedes josefina torres galvez,juan pascual francisco lucas antonio,diversificado,privado,urbana,abierta,monolingue,vespertina,diario(regular),alta verapaz
16-01-0611-46,16-031,alta verapaz,coban,colegio hispanoamericano,"1a calle 17-41 comunidad petet chixic, zona 12",74725125,mercedes josefina torres galvez,kimberly betzadia cu isem,diversificado,privado,urbana,cerrada temporalmente,monolingue,matutina,diario(regular),alta verapaz
16-01-0612-46,16-031,alta verapaz,coban,instituto de magisterio de educacion preprimaria infantil bilingue intercultural luz del saber,"calzada rabin ajau, zona 1",57565646,mercedes josefina torres galvez,thelma martina pop tzir,diversificado,privado,rural,abierta,bilingue,vespertina,diario(regular),alta verapaz
16-01-0613-46,16-031,alta verapaz,coban,"colegio particular mixto ""anton de montesinos""",1a. calle 7-22 zona 3,77259205,mercedes josefina torres galvez,margarita villalobos ligorria de mendoza,diversificado,privado,urbana,abierta,monolingue,matutina,diario(regular),alta verapaz
16-01-0616-46,16-037,alta verapaz,coban,instituto nacional de educacion diversificada,aldea salacuim,57300783,juventina alvarado perez,desconocido,diversificado,oficial,rural,abierta,monolingue,vespertina,diario(regular),alta verapaz
16-01-0619-46,16-031,alta verapaz,coban,"colegio particular mixto ""anton de montesinos""",1a. calle 7-22 zona 3,77259205,mercedes josefina torres galvez,margarita villalobos ligorria,diversificado,privado,urbana,abierta,monolingue,vespertina,diario(regular),alta verapaz
16-01-0642-46,16-005,alta verapaz,coban,instituto nacional de educacion diversificada,aldea choval,53331646,rudy adolfo tot och,--,diversificado,oficial,rural,abierta,monolingue,vespertina,diario(regular),alta verapaz
16-01-0646-46,16-031,alta verapaz,coban,instituto mixto privado salud y desarrollo,diagnonal 1 1-26 zona 1,44042550,mercedes josefina torres galvez,erwin rolando xol chun,diversificado,privado,urbana,cerrada temporalmente,monolingue,doble,fin de semana,alta verapaz
16-01-0651-46,16-031,alta verapaz,coban,centro de formacion integral ciudad de la esperanza,6a. av. 10-68 zona 12 colonia el esfuerzo i,77367652,mercedes josefina torres galvez,byron anibal gomez gatica,diversificado,privado,urbana,abierta,monolingue,matutina,diario(regular),alta verapaz
16-01-0652-46,16-037,alta verapaz,coban,instituto maya comunitario k amolb e,aldea nimlajacoc,49203582,juventina alvarado perez,jose maria choc,diversificado,privado,rural,abierta,bilingue,vespertina,diario(regular),alta verapaz
16-01-0664-46,16-031,alta verapaz,coban,liceo americano del norte,5ta. avenida 2-23 zona 4,79514754,mercedes josefina torres galvez,jose cupertino reyes garcia,diversificado,privado,urbana,abierta,monolingue,matutina,diario(regular),alta verapaz
16-01-0665-46,16-031,alta verapaz,coban,"colegio de informatica ""ceninfav""",12 avenida 2-12 zona 1,79545566,mercedes josefina torres galvez,maria magdalena bol cu,diversificado,privado,urbana,cerrada temporalmente,monolingue,doble,diario(regular),alta verapaz
16-01-0666-46,16-031,alta verapaz,coban,"colegio de informatica ""ceninfav""",12 avenida 2-12 zona 1,79521765,mercedes josefina torres galvez,hector vidal bol cu,diversificado,privado,urbana,cerrada temporalmente,monolingue,doble,fin de semana,alta verapaz
16-01-0668-46,16-031,alta verapaz,coban,colegio particular mixto imperial,"5a calle 1-98, zona 3",57101061,mercedes josefina torres galvez,hector waldermar tot coy,diversificado,privado,urbana,abierta,monolingue,doble,diario(regular),alta verapaz
16-01-0671-46,16-031,alta verapaz,coban,colegio privado mixto tecnologico en informatica,2a. calle 12-23 zona 4,79521190,mercedes josefina torres galvez,jorge salvador juarez sierra,diversificado,privado,urbana,abierta,monolingue,doble,diario(regular),alta verapaz
16-01-0672-46,16-031,alta verapaz,coban,ica,11avenida 1-10 zona 1,33509500,mercedes josefina torres galvez,laidy andrea chocooj tiul,diversificado,privado,urbana,abierta,monolingue,matutina,diario(regular),alta verapaz
16-01-0678-46,16-031,alta verapaz,coban,colegio la libertad,3a. avenida cinco guion doce (5-12),48979726,mercedes josefina torres galvez,erick fernando choc garcia,diversificado,privado,urbana,abierta,monolingue,doble,fin de semana,alta verapaz
16-01-0681-46,16-031,alta verapaz,coban,instituto mixto privado santo domingo,"2a. calle 11-10, zona 2",79529830,mercedes josefina torres galvez,america nuila luther,diversificado,privado,urbana,abierta,monolingue,doble,fin de semana,alta verapaz
16-01-0690-46,16-031,alta verapaz,coban,"isea ""la escuela en su casa""",1a. av. 4-24 zona 2,77930803,mercedes josefina torres galvez,yadira somari alfaro och,diversificado,privado,urbana,abierta,monolingue,doble,a distancia,alta verapaz
16-01-0694-46,16-031,alta verapaz,coban,colegio la libertad,3a. av. 5-12 zona 4,55564568,mercedes josefina torres galvez,erick fernando choc garcia,diversificado,privado,urbana,abierta,monolingue,doble,semipresencial,alta verapaz
16-01-0703-46,16-031,alta verapaz,coban,instituto mixto privado salud y desarrollo,diagnonal 1 1-26 zona 1,42401322,mercedes josefina torres galvez,samantha gabriela de la cruz morales,diversificado,privado,urbana,abierta,bilingue,vespertina,diario(regular),alta verapaz
16-01-0705-46,16-050,alta verapaz,coban,programa nacional de educacion alternativa pronea,7a. av. 2-18 d zona 1,45587767,maximiliano chub ical,--,diversificado,oficial,rural,abierta,monolingue,doble,a distancia,alta verapaz
16-01-0710-46,16-031,alta verapaz,coban,oxford bilingual school,2da. calle 16-94 zona 4,79513898,mercedes josefina torres galvez,darwin roberto iglesias de la cruz,diversificado,privado,urbana,abierta,bilingue,matutina,diario(regular),alta verapaz
16-01-0712-46,16-050,alta verapaz,coban,enbi centro de educacion extraescolar -ceex-,10 avenida 1-25 zona 3,79521302,maximiliano chub ical,anabela cecilia bol caal,diversificado,oficial,urbana,abierta,bilingue,vespertina,diario(regular),alta verapaz
16-01-0909-46,16-031,alta verapaz,coban,"isea ""la escuela en su casa""","2a. calle ""a"" 11-10, zona 1",77256954,mercedes josefina torres galvez,yadira somari alfaro och,diversificado,privado,urbana,abierta,monolingue,sin jornada,semipresencial (fin de semana),alta verapaz
16-01-0910-46,16-031,alta verapaz,coban,colegio de informatica ceninfav,"12 avenida 2-12, zona 1",79521765,mercedes josefina torres galvez,hector vidal bol cu,diversificado,privado,urbana,abierta,monolingue,sin jornada,semipresencial (fin de semana),alta verapaz
16-01-0912-46,16-031,alta verapaz,coban,colegio privado mixto tecnologico en informatica,"2a. calle 12-23, zona 4",79511459,mercedes josefina torres galvez,daniel bernardo ramirez gonzalez,diversificado,privado,urbana,abierta,monolingue,sin jornada,semipresencial (fin de semana),alta verapaz
16-01-0913-46,16-031,alta verapaz,coban,instituto mixto privado salud y desarrollo,"diagonal 1 1-26, zona 1",59584790,mercedes josefina torres galvez,samantha gabriela de la cruz morales,diversificado,privado,urbana,abierta,monolingue,sin jornada,semipresencial (fin de semana),alta verapaz
16-01-0915-46,16-031,alta verapaz,coban,instituto mixto privado santo domingo,"2a. calle 11-10, zona 2",79529830,mercedes josefina torres galvez,america nuila luther,diversificado,privado,urbana,abierta,monolingue,sin jornada,semipresencial (fin de semana),alta verapaz
16-01-0917-46,16-031,alta verapaz,coban,instituto privado mixto monja blanca,"diagonal 3 14-11, zona 2",79513896,mercedes josefina torres galvez,edwin armando catun caal,diversificado,privado,urbana,abierta,monolingue,sin jornada,semipresencial (fin de semana),alta verapaz
16-01-0918-46,16-031,alta verapaz,coban,liceo preuniversitario de norte,"3a. avenida 8-32, zona 10",79417346,mercedes josefina torres galvez,zoila imena lopez rodas,diversificado,privado,urbana,abierta,monolingue,sin jornada,semipresencial (fin de semana),alta verapaz
16-01-0919-46,16-031,alta verapaz,coban,"liceo mixto particular ""san benito""","9a. avenida 4-55, zona 4",37058145,mercedes josefina torres galvez,henri marco tulio artola teyul,diversificado,privado,urbana,abierta,monolingue,vespertina,diario(regular),alta verapaz
16-01-0922-46,16-031,alta verapaz,coban,colegio la libertad,"3a. avenida 5-12, zona 4",33857209,mercedes josefina torres galvez,erick fernando choc garcia,diversificado,privado,urbana,abierta,monolingue,sin jornada,semipresencial (fin de semana),alta verapaz
16-01-0926-46,16-005,alta verapaz,coban,instituto nacional de educacion diversificada,2a. calle 1-99 zona 4 coban,45282976,rudy adolfo tot och,------,diversificado,oficial,urbana,abierta,monolingue,nocturna,diario(regular),alta verapaz
16-01-0927-46,16-005,alta verapaz,coban,instituto nacional de educacion diversificada,2a. calle 1-99 zona 4,45282976,rudy adolfo tot och,desconocido,diversificado,oficial,urbana,abierta,monolingue,nocturna,diario(regular),alta verapaz
16-01-1172-46,16-006,alta verapaz,coban,colegio particular mixto carlos v,6a. calle 2-06 zona 8 periferico sur coban,desconocido,efrain caal cuc,desconocido,diversificado,privado,urbana,cerrada temporalmente,monolingue,matutina,fin de semana,alta verapaz
16-01-1173-46,16-006,alta verapaz,coban,colegio particular mixto carlos v,6a. calle 2-06 zona 8 periferico sur coban,desconocido,efrain caal cuc,--,diversificado,privado,urbana,cerrada temporalmente,monolingue,matutina,diario(regular),alta verapaz
16-01-1174-46,16-031,alta verapaz,coban,instituto privado raul chenal heinemann,5a. calle 1-06 zona 3,79510413,mercedes josefina torres galvez,astrid yadira marroquin molina,diversificado,privado,urbana,abierta,monolingue,vespertina,diario(regular),alta verapaz
16-01-1175-46,16-031,alta verapaz,coban,instituto privado raul chenal heinemann,5ta. calle 1-06 zona 3,79520414,mercedes josefina torres galvez,astrid yadira marroquin molina,diversificado,privado,urbana,abierta,monolingue,doble,fin de semana,alta verapaz
16-01-1176-46,16-031,alta verapaz,coban,instituto mixto privado santo domingo,2a. calle 11-10 zona 2,79529830,mercedes josefina torres galvez,desconocido,diversificado,privado,urbana,cerrada temporalmente,monolingue,vespertina,sabatino,alta verapaz
16-01-1177-46,16-006,alta verapaz,coban,instituto privado mixto santo domingo,2a. calle 11-10 zona 2,77231494,efrain caal cuc,desconocido,diversificado,privado,urbana,cerrada temporalmente,monolingue,matutina,sabatino,alta verapaz
16-01-1259-46,16-006,alta verapaz,coban,instituto de turismo y aviacion del norte itan,3a. avenida 5-28 zona 4,58633599,efrain caal cuc,desconocido,diversificado,privado,urbana,cerrada temporalmente,monolingue,matutina,diario(regular),alta verapaz
16-01-1312-46,16-031,alta verapaz,coban,colegio privado mixto tecnologico en informatica,2a. calle 12-23 zona 4,79511459,mercedes josefina torres galvez,-,diversificado,privado,urbana,cerrada temporalmente,monolingue,vespertina,fin de semana,alta verapaz
16-01-1313-46,16-006,alta verapaz,coban,colegio privado mixto tecnologico en informatica,2a. calle 12-23 zona 4,79511459,efrain caal cuc,desconocido,diversificado,privado,urbana,cerrada temporalmente,monolingue,nocturna,diario(regular),alta verapaz
16-01-1390-46,16-031,alta verapaz,coban,liceo miguel angel asturias,7a. calle 1-13 zona 3,79511103,mercedes josefina torres galvez,desconocido,diversificado,privado,urbana,cerrada temporalmente,monolingue,matutina,fin de semana,alta verapaz
16-01-1393-46,16-031,alta verapaz,coban,liceo preuniversitario del norte,2a. calle 6-41 zona 4,79417346,mercedes josefina torres galvez,desconocido,diversificado,privado,urbana,cerrada temporalmente,monolingue,vespertina,fin de semana,alta verapaz
16-01-1394-46,16-031,alta verapaz,coban,instituto privado mixto monja blanca,"diagonal 3, 14-11 zona 2",79513896,mercedes josefina torres galvez,--,diversificado,privado,urbana,abierta,monolingue,doble,fin de semana,alta verapaz
16-01-1401-46,16-006,alta verapaz,coban,cooperacion mesoamericana para el desarrollo y la paz -comadep-,coban,52182313,efrain caal cuc,desconocido,diversificado,privado,urbana,cerrada temporalmente,monolingue,doble,a distancia,alta verapaz
16-01-1468-46,16-031,alta verapaz,coban,colegio nuestra senora de la esperanza,colonia el esfuerzo i zona 12,79510207,mercedes josefina torres galvez,desconocido,diversificado,privado,urbana,cerrada temporalmente,monolingue,matutina,diario(regular),alta verapaz
16-01-1469-46,16-031,alta verapaz,coban,colegio privado mixto tecnologico en informatica,2a. calle 12-23 zona 4,79511459,mercedes josefina torres galvez,desconocido,diversificado,privado,urbana,abierta,monolingue,doble,fin de semana,alta verapaz
16-01-1491-46,16-031,alta verapaz,coban,colegio la libertad,barrio la libertad zona 10,79511439,mercedes josefina torres galvez,erick fernando choc garcia,diversificado,privado,urbana,cerrada temporalmente,monolingue,matutina,diario(regular),alta verapaz
16-01-2156-46,16-031,alta verapaz,coban,colegio particular mixto imperial,5a. calle 1-98 zona 3,57101061,mercedes josefina torres galvez,hector waldemar tot coy,diversificado,privado,urbana,abierta,monolingue,vespertina,diario(regular),alta verapaz
16-01-2171-46,16-031,alta verapaz,coban,instituto mixto nuevos horizontes,"6a. avenida 1-15, zona 4",desconocido,mercedes josefina torres galvez,desconocido,diversificado,privado,urbana,cerrada temporalmente,monolingue,matutina,fin de semana,alta verapaz
16-01-2302-46,16-031,alta verapaz,coban,instituto privado mixto monja blanca,"diagonal 3, 14-11 zona 2",79513896,mercedes josefina torres galvez,--,diversificado,privado,urbana,cerrada temporalmente,monolingue,matutina,fin de semana,alta verapaz
16-01-2947-46,desconocido,alta verapaz,coban,instituto privado basico y bachillerato por madurez 'carlos v',5a. calle 1-98 zona 3,desconocido,desconocido,desconocido,diversificado,privado,urbana,cerrada temporalmente,monolingue,vespertina,diario(regular),alta verapaz
16-01-3041-46,16-005,alta verapaz,coban,instituto de bachillerato ads. al instituto normal mixto del norte emilio rosales ponce,3avenida 6-23 zona 11,79521468,rudy adolfo tot och,gustavo adolfo sierra pop,diversificado,oficial,urbana,abierta,monolingue,vespertina,diario(regular),alta verapaz
16-01-6190-46,16-031,alta verapaz,coban,liceo miguel angel asturias,7a. calle 1-13 zona 3,79511103,mercedes josefina torres galvez,desconocido,diversificado,privado,urbana,abierta,monolingue,vespertina,diario(regular),alta verapaz
16-01-6191-46,16-031,alta verapaz,coban,colegio privado mixto tecnologico en informatica,2a. calle 12-23 zona 4,79511459,mercedes josefina torres galvez,desconocido,diversificado,privado,urbana,abierta,monolingue,matutina,diario(regular),alta verapaz
16-01-7308-46,16-031,alta verapaz,coban,colegio particular mixto imperial,"5a. calle 1-98, zona 3.",79514226,mercedes josefina torres galvez,desconocido,diversificado,privado,urbana,cerrada temporalmente,monolingue,nocturna,diario(regular),alta verapaz
16-01-8294-46,16-031,alta verapaz,coban,liceo preuniversitario del norte,3a. avenida 8-32 barrio la libertad zona 10,79417346,mercedes josefina torres galvez,desconocido,diversificado,privado,urbana,abierta,monolingue,doble,diario(regular),alta verapaz
16-01-8317-46,16-031,alta verapaz,coban,liceo de computacion y educacion para el hogar m.b.m.,3av. 1-23 zona 4,79513444,mercedes josefina torres galvez,matilde och cacao,diversificado,privado,rural,cerrada temporalmente,monolingue,matutina,diario(regular),alta verapaz
16-01-8331-46,16-031,alta verapaz,coban,liceo preuniversitario del norte,3a. avenida 8-32 barrio la libertad zona 10,79417346,mercedes josefina torres galvez,zoila imena lopez rodas,diversificado,privado,urbana,abierta,monolingue,doble,fin de semana,alta verapaz
16-01-8335-46,16-031,alta verapaz,coban,colegio de informatica ceninfav,12 av. 2-12 zona 1,79545566,mercedes josefina torres galvez,maria magdalena bol cu,diversificado,privado,rural,abierta,monolingue,matutina,diario(regular),alta verapaz
16-01-8813-46,25-000,alta verapaz,coban,instituto guatemalteco de educacion radiofonica (iger),desconocido,desconocido,sonia haydee reyes monterroso,desconocido,diversificado,privado,rural,cerrada temporalmente,monolingue,matutina,a distancia,alta verapaz
16-01-9067-46,16-005,alta verapaz,coban,escuela normal de educacion fisica,calzada rabin ajau zona 11,79523686,rudy adolfo tot och,berta maria mendez rodriguez,diversificado,oficial,urbana,abierta,monolingue,doble,diario(regular),alta verapaz
16-01-9095-46,16-031,alta verapaz,coban,colegio privado mixto tecnologico en informatica,2a. calle 12-23 zona 4,79511459,mercedes josefina torres galvez,carlos enrique monroy sierra,diversificado,privado,urbana,abierta,monolingue,vespertina,diario(regular),alta verapaz
16-01-9102-46,16-031,alta verapaz,coban,colegio mixto evangelico nazareno,6a. calle 8-10 zona 10 cerrito el caracol coban,79511866,mercedes josefina torres galvez,cindy viviana yat macz,diversificado,privado,urbana,abierta,monolingue,matutina,diario(regular),alta verapaz
16-01-9260-46,16-005,alta verapaz,coban,escuela de formacion agricola,finca san jose la colonia,52191386,rudy adolfo tot och,desconocido,diversificado,oficial,rural,cerrada temporalmente,monolingue,doble,diario(regular),alta verapaz
16-01-9544-46,16-031,alta verapaz,coban,colegio bilingue de infantes,3a. calle 7-07 zona 3,33836377,mercedes josefina torres galvez,giovany hengstenberg,diversificado,privado,urbana,abierta,monolingue,matutina,diario(regular),alta verapaz
16-01-9851-46,16-031,alta verapaz,coban,colegio de informatica ceninfav,12av. 2-12 zona 1,79521765,mercedes josefina torres galvez,desconocido,diversificado,privado,urbana,abierta,monolingue,doble,fin de semana,alta verapaz
16-01-9897-46,16-031,alta verapaz,coban,colegio particular mixto verapaz,km.209.5 entrada a coban,77367402,mercedes josefina torres galvez,desconocido,diversificado,privado,urbana,abierta,monolingue,vespertina,diario(regular),alta verapaz
16-01-9956-46,16-031,alta verapaz,coban,liceo preuniversitario del norte,2a. calle 4-61 zona 4,79514754,mercedes josefina torres galvez,desconocido,diversificado,privado,urbana,cerrada temporalmente,monolingue,vespertina,diario(regular),alta verapaz
16-01-9958-46,16-031,alta verapaz,coban,liceo dr. ricardo bressani,1a. avenida 5-52 zona 2,79521633,mercedes josefina torres galvez,desconocido,diversificado,privado,urbana,abierta,monolingue,doble,diario(regular),alta verapaz
16-01-9991-46,16-031,alta verapaz,coban,asociacion de maestros de educacion rural de guatemala (amerg),6ta. avenida 1-27 zona 4,79520175,mercedes josefina torres galvez,desconocido,diversificado,privado,rural,cerrada temporalmente,bilingue,doble,fin de semana,alta verapaz
16-02-0013-46,16-006,alta verapaz,santa cruz verapaz,instituto nacional de educacion diversificada,barrio santa elena,57767683,efrain caal cuc,desconocido,diversificado,oficial,rural,abierta,monolingue,vespertina,diario(regular),alta verapaz
16-02-0020-46,16-006,alta verapaz,santa cruz verapaz,liceo santa cruz,"calle 3 de mayo 2-67 zona 2, barrio santo tomas",50161328,efrain caal cuc,augusto alexander rax rodriguez,diversificado,privado,urbana,abierta,monolingue,vespertina,diario(regular),alta verapaz
16-02-0053-46,16-006,alta verapaz,santa cruz verapaz,colegio futuro amanecer,"calle 3 de mayo 2-70, zona 1",59984909,efrain caal cuc,blanca floridalma quej chiquin,diversificado,privado,urbana,cerrada temporalmente,monolingue,sin jornada,semipresencial (fin de semana),alta verapaz
16-02-0055-46,16-006,alta verapaz,santa cruz verapaz,liceo santa cruz,"calle 3 de mayo 2-67, barrio santo tomas",42035694,efrain caal cuc,augusto alexander rax rodriguez,diversificado,privado,urbana,abierta,monolingue,sin jornada,semipresencial (fin de semana),alta verapaz
16-03-0036-46,16-053,alta verapaz,san cristobal verapaz,instituto nacional de educacion diversificada,barrio chiyuc,desconocido,roberto de jesus lopez alvarez,desconocido,diversificado,oficial,rural,abierta,monolingue,vespertina,diario(regular),alta verapaz
16-03-0047-46,16-008,alta verapaz,san cristobal verapaz,liceo san cristobal,"5a. calle 4-18 zona 1, barrio santa ana, san cristobal verapaz",79504134,olga marina buc,sonia magaly yat delgado,diversificado,privado,urbana,abierta,monolingue,doble,fin de semana,alta verapaz
16-03-0056-46,16-008,alta verapaz,san cristobal verapaz,instituto tecnologico vocacional marco tulio de la cruz morales,"2a. calle zona 4, barrio san felipe",79504929,olga marina buc,rigoberto higinio suram jom,diversificado,privado,urbana,abierta,monolingue,vespertina,diario(regular),alta verapaz
16-03-0076-46,16-008,alta verapaz,san cristobal verapaz,colegio mixto ciencias tecnologicas,3a. calle 0-43 zona 3 barrio san sebastian,44848051,olga marina buc,carlos salvatierra santos,diversificado,privado,urbana,cerrada temporalmente,monolingue,matutina,diario(regular),alta verapaz
16-03-0077-46,16-008,alta verapaz,san cristobal verapaz,colegio mixto ciencias tecnologicas,3a. calle 0-43 zona 3 barrio san sebastian,77923223,olga marina buc,massena oswaldo sagastume portocarrero,diversificado,privado,urbana,abierta,monolingue,vespertina,diario(regular),alta verapaz
16-03-0082-46,16-008,alta verapaz,san cristobal verapaz,colegio mixto ciencias tecnologicas,"3a. calle 0-43 zona 3, barrio san sebastian",59070869,olga marina buc,marco augusto jom caal,diversificado,privado,urbana,cerrada temporalmente,monolingue,matutina,diario(regular),alta verapaz
16-03-0083-46,16-008,alta verapaz,san cristobal verapaz,colegio mixto ciencias tecnologicas,"3a. calle 0-43 zona 3, barrio san sebastian",59070869,olga marina buc,marco augusto jom caal,diversificado,privado,urbana,cerrada temporalmente,monolingue,vespertina,diario(regular),alta verapaz
16-03-0087-46,16-008,alta verapaz,san cristobal verapaz,instituto nacional de educacion diversificada con orientacion en artes y oficios,caserio pantocan,55288589,olga marina buc,--,diversificado,oficial,rural,abierta,bilingue,matutina,diario(regular),alta verapaz
16-03-0088-46,16-008,alta verapaz,san cristobal verapaz,liceo galileo galilei,"2a. calle, 2a. avenida zona 3, barrio san sebastian",45160662,olga marina buc,marco tulio de la cruz morales,diversificado,privado,urbana,cerrada temporalmente,monolingue,doble,fin de semana,alta verapaz
16-03-0092-46,16-008,alta verapaz,san cristobal verapaz,liceo de ciencias aplicadas dr. carlos aldana mendoza,"4a. avenida, entre o y 1 calle zona 4, barrio san felipe",31479184,olga marina buc,wendy dalila choc lopez,diversificado,privado,urbana,abierta,monolingue,vespertina,diario(regular),alta verapaz
16-03-0093-46,16-008,alta verapaz,san cristobal verapaz,"instituto tecnologico vocacional ""marco tulio de la cruz morales""","2a. calle 4-45 zona 4, barrio san felipe",79504929,olga marina buc,rigoberto higinio suram jom,diversificado,privado,urbana,abierta,monolingue,doble,fin de semana,alta verapaz
16-03-0095-46,16-008,alta verapaz,san cristobal verapaz,colegio mixto la pupila del cielo,"2a. avenida 4-56 zona 2, colonia pana",33801345,olga marina buc,glenda yojanna gomez suram,diversificado,privado,urbana,abierta,monolingue,vespertina,diario(regular),alta verapaz
16-03-0097-46,16-008,alta verapaz,san cristobal verapaz,colegio mixto ciencias tecnologicas,3a. calle 0-43 zona 3 barrio san sebastian,77923223,olga marina buc,massena oswaldo sagastume portocarrero,diversificado,privado,urbana,abierta,monolingue,doble,fin de semana,alta verapaz
16-03-0104-46,16-008,alta verapaz,san cristobal verapaz,liceo de ciencias aplicadas dr. carlos aldana mendoza,"4a. avenida, entre o y 1 calle zona 4, barrio san felipe",79504090,olga marina buc,delmy damariz choc lopez,diversificado,privado,urbana,abierta,monolingue,matutina,fin de semana,alta verapaz
16-03-0105-46,16-008,alta verapaz,san cristobal verapaz,liceo de ciencias aplicadas dr. carlos aldana mendoza,"4a. avenida, entre o y 1 calle zona 4, barrio san felipe",79504090,olga marina buc,delmy damariz choc lopez,diversificado,privado,urbana,abierta,monolingue,doble,fin de semana,alta verapaz
16-03-0106-46,16-008,alta verapaz,san cristobal verapaz,liceo de ciencias aplicadas dr. carlos aldana mendoza,"4a. avenida, entre o y 1 calle zona 4, barrio san felipe",79504090,olga marina buc,juan gabriel cal suram,diversificado,privado,urbana,abierta,monolingue,doble,diario(regular),alta verapaz
16-03-0108-46,16-008,alta verapaz,san cristobal verapaz,colegio mixto ciencias tecnologicas,"3a. calle 0-43 zona 3, barrio san sebastian",77923223,olga marina buc,massena oswaldo sagastume portocarrero,diversificado,privado,urbana,cerrada temporalmente,monolingue,matutina,fin de semana,alta verapaz
16-03-0109-46,16-008,alta verapaz,san cristobal verapaz,colegio mixto ciencias tecnologicas,"3a. calle 0-43 zona 3, barrio san sebastian",77923223,olga marina buc,mynor walter jom coy,diversificado,privado,urbana,cerrada temporalmente,monolingue,nocturna,diario(regular),alta verapaz
16-03-0110-46,16-008,alta verapaz,san cristobal verapaz,liceo galileo galilei,"2a. calle, 2a. avenida zona 3, barrio san sebastian",79504337,olga marina buc,marco tulio de la cruz morales,diversificado,privado,urbana,abierta,monolingue,doble,diario(regular),alta verapaz
16-03-0139-46,16-008,alta verapaz,san cristobal verapaz,"instituto tecnologico vocacional ""marco tulio de la cruz morales""","2a. calle 4-45 zona 4, barrio san felipe",79504929,olga marina buc,rigoberto higinio suram jom,diversificado,privado,urbana,abierta,monolingue,sin jornada,semipresencial (fin de semana),alta verapaz
16-03-0158-46,16-050,alta verapaz,san cristobal verapaz,centro de educacion extraescolar -ceex-,colonia pantocan,46280307,maximiliano chub ical,sara floridalma cu tiul,diversificado,privado,rural,abierta,bilingue,doble,semipresencial,alta verapaz
16-03-0243-46,16-008,alta verapaz,san cristobal verapaz,colegio mixto ciencias tecnologicas,"3a. calle 0-43 zona 3, barrio san sebastian",41705134,olga marina buc,massena oswaldo sagastume portocarrero,diversificado,privado,urbana,abierta,monolingue,sin jornada,semipresencial (fin de semana),alta verapaz
16-03-0245-46,16-008,alta verapaz,san cristobal verapaz,liceo de ciencias aplicadas dr. carlos aldana mendoza,"4a. avenida, entre 0 y 1 calle zona 4, barrio san felipe",31479184,olga marina buc,delmy damariz choc lopez,diversificado,privado,urbana,abierta,monolingue,sin jornada,semipresencial (fin de semana),alta verapaz
16-03-0247-46,16-008,alta verapaz,san cristobal verapaz,liceo galileo galilei,"2a. calle 2a. avenida zona 3, barrio san sebastian",45160622,olga marina buc,marco tulio de la cruz morales,diversificado,privado,urbana,abierta,monolingue,sin jornada,semipresencial (fin de semana),alta verapaz
16-03-1388-46,16-008,alta verapaz,san cristobal verapaz,colegio 'meson',8a. avenida 6-00 zona 1,79504027,olga marina buc,luis emilio solares marroquin,diversificado,privado,urbana,abierta,monolingue,matutina,diario(regular),alta verapaz
16-03-1429-46,16-008,alta verapaz,san cristobal verapaz,liceo galileo galilei,"2a. calle, 2a. avenida zona 3, barrio san sebastian",79504337,olga marina buc,marco tulio de la cruz morales,diversificado,privado,urbana,abierta,monolingue,vespertina,diario(regular),alta verapaz
16-03-1520-46,16-008,alta verapaz,san cristobal verapaz,liceo galileo galilei,"2a. calle, 2a. avenida zona 3, barrio san sebastian",45160662,olga marina buc,marco tulio de la cruz morales,diversificado,privado,urbana,abierta,monolingue,doble,fin de semana,alta verapaz
16-03-1607-46,16-008,alta verapaz,san cristobal verapaz,liceo galileo galilei,1a. avenida 3-62 zona 4 barrio san felipe,56377425,olga marina buc,desconocido,diversificado,privado,urbana,cerrada temporalmente,monolingue,nocturna,diario(regular),alta verapaz
16-03-9884-46,16-008,alta verapaz,san cristobal verapaz,liceo san cristobal,0 avenida 1-71 zona 5 barrio san cristobal,79504134,olga marina buc,desconocido,diversificado,privado,urbana,cerrada temporalmente,monolingue,vespertina,diario(regular),alta verapaz
16-03-9885-46,16-008,alta verapaz,san cristobal verapaz,liceo san cristobal,0 avenida 1-71 zona 5 barrio san cristobal,79504134,olga marina buc,desconocido,diversificado,privado,urbana,cerrada temporalmente,monolingue,vespertina,diario(regular),alta verapaz
16-03-9886-46,16-008,alta verapaz,san cristobal verapaz,liceo san cristobal,0 avenida 1-71 zona 5 barrio san cristobal,79504134,olga marina buc,desconocido,diversificado,privado,urbana,cerrada temporalmente,monolingue,matutina,fin de semana,alta verapaz
16-04-0036-46,16-009,alta verapaz,tactic,instituto akaltic,0 calle b oc-150 zona 4,79539043,wilson edwin oswaldo caal cho,concha de pelaez,diversificado,privado,urbana,cerrada temporalmente,bilingue,doble,diario(regular),alta verapaz
16-04-0041-46,16-011,alta verapaz,tactic,colegio particular mixto blaise pascal,5a. avenida 2-35 zona 1,56294302,benjamin juc botzoc,guillermo alfredo portocarrero,diversificado,privado,urbana,cerrada temporalmente,monolingue,nocturna,diario(regular),alta verapaz
16-04-0042-46,16-009,alta verapaz,tactic,colegio cristiano particular mixto vida,"canton chijacorral, zona 7",79529275,wilson edwin oswaldo caal cho,thelma floridalma fernandez moya,diversificado,privado,urbana,cerrada temporalmente,monolingue,vespertina,diario(regular),alta verapaz
16-04-0046-46,16-009,alta verapaz,tactic,colegio particular mixto blaise pascal,"4a. calle 09-103, zona 1",79539955,wilson edwin oswaldo caal cho,blanca floridalma quej chiquin,diversificado,privado,urbana,abierta,monolingue,doble,fin de semana,alta verapaz
16-04-0049-46,16-009,alta verapaz,tactic,instituto akaltic,0 calle b oc-150 zona 4,79539043,wilson edwin oswaldo caal cho,concha yolanda ponce de pelaez,diversificado,privado,urbana,cerrada temporalmente,monolingue,doble,fin de semana,alta verapaz
16-04-0050-46,16-009,alta verapaz,tactic,instituto akaltic,"0 calle b oc-150, zona 4",79539043,wilson edwin oswaldo caal cho,desconocido,diversificado,privado,urbana,abierta,monolingue,matutina,diario(regular),alta verapaz
16-04-0062-46,16-009,alta verapaz,tactic,instituto nacional de educacion diversificada,canton chijacorral,50443851,wilson edwin oswaldo caal cho,desconocido,diversificado,oficial,urbana,abierta,monolingue,matutina,diario(regular),alta verapaz
16-04-0064-46,16-009,alta verapaz,tactic,colegio nuestra senora de la asuncion,"0 calle ""c"" 4-29 zona 4, barrio chamche",79529368,wilson edwin oswaldo caal cho,maria angelica castillo de moino,diversificado,privado,urbana,abierta,monolingue,vespertina,diario(regular),alta verapaz
16-04-0068-46,16-009,alta verapaz,tactic,colegio cristiano particular mixto vida,"1a. avenida 6-73 zona 7, canton chijacorral",79529275,wilson edwin oswaldo caal cho,evelin marisol donis bin,diversificado,privado,urbana,abierta,monolingue,doble,diario(regular),alta verapaz
16-04-0072-46,16-009,alta verapaz,tactic,colegio privado mixto la ensenanza,"12 av. a 4-30, zona 3, barrio asuncion",79539069,wilson edwin oswaldo caal cho,mayra magdalena yat chon,diversificado,privado,urbana,abierta,monolingue,doble,fin de semana,alta verapaz
16-04-0078-46,16-009,alta verapaz,tactic,colegio privado mixto la ensenanza,12 avenida a 4-30 zona 3,79539069,wilson edwin oswaldo caal cho,mayra magdalena yat chon,diversificado,privado,urbana,cerrada temporalmente,monolingue,doble,fin de semana,alta verapaz
16-04-0079-46,16-009,alta verapaz,tactic,colegio nuestra senora de la asuncion,"2a. ave. 02-053 zona 2, barrio san jacinto",79529368,wilson edwin oswaldo caal cho,maria angelica castillo de moino,diversificado,privado,urbana,cerrada temporalmente,monolingue,matutina,fin de semana,alta verapaz
16-04-0080-46,16-009,alta verapaz,tactic,colegio nuestra senora de la asuncion,"2a. ave. 02-053 zona 2, barrio san jacinto",79529368,wilson edwin oswaldo caal cho,maria angelica castillo martinez,diversificado,privado,urbana,cerrada temporalmente,monolingue,doble,fin de semana,alta verapaz
16-04-0118-46,16-009,alta verapaz,tactic,colegio nuestra senora de la asuncion,"o calle ""c"" 4-29 zona 4, barrio chamche",54238753,wilson edwin oswaldo caal cho,maria angelica cstillo martinez,diversificado,privado,urbana,cerrada temporalmente,monolingue,sin jornada,semipresencial (fin de semana),alta verapaz
16-04-0120-46,16-009,alta verapaz,tactic,colegio particular mixto blaise pascal,"4a. calle 09-103, zona 1",59984909,wilson edwin oswaldo caal cho,blanca floridalma quej chiquin,diversificado,privado,urbana,abierta,monolingue,sin jornada,semipresencial (fin de semana),alta verapaz
16-04-0122-46,16-009,alta verapaz,tactic,colegio privado mixto la ensenanza,"12a. avenida ""a"" 4-30 zona 2, barrio asuncion",79539069,wilson edwin oswaldo caal cho,mayra magdalena yat chon,diversificado,privado,urbana,abierta,monolingue,sin jornada,semipresencial (fin de semana),alta verapaz
16-04-0124-46,16-009,alta verapaz,tactic,instituto akaltic,"0 calle b oc-150, zona 4",58536938,wilson edwin oswaldo caal cho,ana eliza pelaez ponce,diversificado,privado,urbana,abierta,monolingue,sin jornada,semipresencial (fin de semana),alta verapaz
16-04-1233-46,16-009,alta verapaz,tactic,colegio particular mixto blaise pascal,4a. avenida 0 calle -176 zona 4,79539955,wilson edwin oswaldo caal cho,desconocido,diversificado,privado,urbana,abierta,monolingue,doble,fin de semana,alta verapaz
16-04-1235-46,16-009,alta verapaz,tactic,colegio particular mixto blaise pascal,"4a. calle 09-103, zona 1",79539955,wilson edwin oswaldo caal cho,claudia nineth dubon castaneda,diversificado,privado,urbana,abierta,monolingue,matutina,diario(regular),alta verapaz
16-04-1709-46,16-009,alta verapaz,tactic,instituto privado mixto de educacion diversificada liceo tactic jv,barrio asuncion,desconocido,wilson edwin oswaldo caal cho,desconocido,diversificado,privado,urbana,temporal nombramiento,monolingue,vespertina,diario(regular),alta verapaz
16-04-2308-46,16-009,alta verapaz,tactic,instituto akaltic,"o calle b oc-150, zona 4.",79539043,wilson edwin oswaldo caal cho,ana eliza pelaez,diversificado,privado,urbana,abierta,monolingue,vespertina,diario(regular),alta verapaz
16-04-8321-46,16-009,alta verapaz,tactic,instituto akaltic,0 calle b oc 150 zona 4 de la villa de tactic,79539043,wilson edwin oswaldo caal cho,desconocido,diversificado,privado,urbana,abierta,monolingue,doble,fin de semana,alta verapaz
16-04-8322-46,16-009,alta verapaz,tactic,colegio privado mixto la ensenanza,12 av. 4-30 zona 3,79539069,wilson edwin oswaldo caal cho,mayra magdalena yat chon,diversificado,privado,rural,abierta,monolingue,vespertina,diario(regular),alta verapaz
16-04-8324-46,16-004,alta verapaz,tactic,colegio privado mixto la ensenanza,barrio la asuncion de la villa de tactic,desconocido,alfonzo si xol,desconocido,diversificado,privado,rural,cerrada temporalmente,monolingue,nocturna,diario(regular),alta verapaz
16-04-9906-46,16-009,alta verapaz,tactic,colegio privado mixto la ensenanza,12 av. a 4-30 zona 3,79539069,wilson edwin oswaldo caal cho,mayra magdalena yat chon,diversificado,privado,urbana,abierta,monolingue,doble,diario(regular),alta verapaz
16-05-0017-46,16-010,alta verapaz,tamahu,instituto nacional de educacion diversificada,tamahu,58034583,patricio najarro asencio,desconocido,diversificado,oficial,urbana,abierta,monolingue,vespertina,diario(regular),alta verapaz
16-05-9091-46,16-010,alta verapaz,tamahu,instituto mixto municipal de magisterio bilingue,barrio centro,50615709,patricio najarro asencio,desconocido,diversificado,municipal,urbana,abierta,bilingue,vespertina,diario(regular),alta verapaz
16-06-0090-46,16-011,alta verapaz,san miguel tucuru,instituto nacional de educacion diversificada,barrio el centro,57611065,benjamin juc botzoc,leonel victoriano guzman argueta,diversificado,oficial,urbana,abierta,bilingue,vespertina,diario(regular),alta verapaz
16-06-0103-46,16-046,alta verapaz,san miguel tucuru,"centro de formacion academica, tecnologica y ocupacional ""jack & marie eiting""",lote no. 42 caserio nueva esperanza,30647842,jorge alberto caal bol,gabriela alejandra urizar rubio,diversificado,privado,rural,abierta,monolingue,matutina,diario(regular),alta verapaz
16-06-0104-46,16-046,alta verapaz,san miguel tucuru,"centro de formacion academica, tecnologica y ocupacional ""jack & marie eiting""",lote no. 42 caserio nueva esperanza,30647842,jorge alberto caal bol,gabriela alejandra urizar rubio,diversificado,privado,rural,abierta,monolingue,doble,fin de semana,alta verapaz
16-06-0106-46,16-046,alta verapaz,san miguel tucuru,"centro de formacion academica, tecnologica y ocupacional ""jack & marie eiting""","lote no. 42, caserio nueva esperanza",30644784,jorge alberto caal bol,gabriela alejandra urizar rubio,diversificado,privado,rural,abierta,monolingue,vespertina,diario(regular),alta verapaz
16-06-2398-46,16-011,alta verapaz,san miguel tucuru,instituto privado mixto de magisterio bilingue tukur,canton la playa,desconocido,benjamin juc botzoc,benjamin juc botzoc,diversificado,privado,urbana,abierta,monolingue,vespertina,diario(regular),alta verapaz
16-07-0117-46,16-012,alta verapaz,panzos,instituto nacional de educacion diversificada,barrio san juan,57036563,carlos enrique garcia bailey,desconocido,diversificado,oficial,rural,abierta,monolingue,matutina,diario(regular),alta verapaz
16-07-0181-46,16-036,alta verapaz,panzos,colegio mixto mesoamericano,"barrio el centro, aldea teleman",48067726,jose luis xi cucul,luis antonio choc co,diversificado,privado,rural,abierta,monolingue,vespertina,diario(regular),alta verapaz
16-07-0194-46,16-012,alta verapaz,panzos,colegio privado mixto juan amos comenio,barrio san sebastian,40856113,carlos enrique garcia bailey,marcelino caz mucu,diversificado,privado,rural,abierta,monolingue,matutina,diario(regular),alta verapaz
16-07-0195-46,16-012,alta verapaz,panzos,colegio privado mixto juan amos comenio,barrio san sebastian,40856113,carlos enrique garcia bailey,marcelino caz mucu,diversificado,privado,rural,abierta,monolingue,nocturna,diario(regular),alta verapaz
16-07-0196-46,16-036,alta verapaz,panzos,colegio mixto valle del polochic,"instalaciones que ocupa el instituto de educacion basica por cooperativa de ensenanza, aldea teleman",30449848,jose luis xi cucul,joel esteban zepeda caal,diversificado,privado,rural,cerrada temporalmente,monolingue,matutina,fin de semana,alta verapaz
16-07-0197-46,16-036,alta verapaz,panzos,colegio mixto valle del polochic,"instalaciones que ocupa el instituto de educacion basica por cooperativa de ensenanza, aldea teleman",30498487,jose luis xi cucul,joel estaban zepeda caal,diversificado,privado,rural,abierta,bilingue,doble,fin de semana,alta verapaz
16-07-0206-46,16-012,alta verapaz,panzos,colegio privado liceo polochic,aldea teleman,53318658,carlos enrique garcia bailey,--,diversificado,privado,rural,abierta,monolingue,doble,fin de semana,alta verapaz
16-07-0207-46,16-012,alta verapaz,panzos,colegio privado liceo polochic,aldea teleman,57036563,carlos enrique garcia bailey,--,diversificado,privado,rural,cerrada temporalmente,monolingue,matutina,diario(regular),alta verapaz
16-07-0209-46,16-036,alta verapaz,panzos,colegio mixto mesoamericano,aldea teleman,37311196,jose luis xi cucul,luis arturo chub coc,diversificado,privado,urbana,cerrada temporalmente,monolingue,matutina,fin de semana,alta verapaz
16-07-0211-46,16-050,alta verapaz,panzos,centro de educacion extraescolar -ceex-,"barrio la escuela, teleman",32945952,maximiliano chub ical,augusto xol xol,diversificado,privado,rural,abierta,bilingue,doble,semipresencial,alta verapaz
16-07-0213-46,16-012,alta verapaz,panzos,colegio privado liceo polochic,aldea teleman,53318658,carlos enrique garcia bailey,hector maquim caal,diversificado,privado,rural,abierta,monolingue,sin jornada,semipresencial (fin de semana),alta verapaz
16-07-0214-46,16-036,alta verapaz,panzos,colegio mixto valle del polochic,"instalaciones del instituto de educacion basica por cooperativa de ensenanza, aldea teleman",30498487,jose luis xi cucul,joel esteban zepeda caal,diversificado,privado,rural,abierta,monolingue,sin jornada,semipresencial (fin de semana),alta verapaz
16-07-0215-46,16-036,alta verapaz,panzos,colegio privado mixto sagrado corazon del polochic,"barrio la escuela, aldea teleman",33712014,jose luis xi cucul,reyna azucena chinchilla tiul,diversificado,privado,rural,abierta,monolingue,vespertina,diario(regular),alta verapaz
16-07-0216-46,16-036,alta verapaz,panzos,colegio privado mixto sagrado corazon del polochic,"barrio la escuela, aldea teleman",33712014,jose luis xi cucul,reyna azucena chinchilla tiul,diversificado,privado,rural,abierta,monolingue,doble,fin de semana,alta verapaz
16-07-0217-46,16-036,alta verapaz,panzos,colegio privado mixto sagrado corazon del polochic,"barrio la escuela, aldea teleman",33712014,jose luis xi cucul,reyna azucena chinchilla tiul,diversificado,privado,rural,abierta,monolingue,sin jornada,semipresencial (fin de semana),alta verapaz
16-07-0221-46,16-012,alta verapaz,panzos,liceo tecnologico cahaboncito -litec-,aldea cahaboncito,37311196,carlos enrique garcia bailey,aritides efren lopez gomez,diversificado,privado,rural,abierta,monolingue,doble,fin de semana,alta verapaz
16-07-9096-46,16-012,alta verapaz,panzos,colegio privado mixto juan amos comenio,barrio san sebastian,40856113,carlos enrique garcia bailey,desconocido,diversificado,privado,rural,abierta,monolingue,vespertina,diario(regular),alta verapaz
16-07-9103-46,16-036,alta verapaz,panzos,centro educativo san martin de porres,aldea teleman,32073601,jose luis xi cucul,desconocido,diversificado,privado,rural,abierta,bilingue,vespertina,diario(regular),alta verapaz
16-07-9639-46,16-012,alta verapaz,panzos,instituto privado mixto primaria bilingue aj kutunel,barrio el mau,50673199,carlos enrique garcia bailey,desconocido,diversificado,privado,urbana,abierta,bilingue,vespertina,diario(regular),alta verapaz
16-08-0182-46,16-007,alta verapaz,senahu,instituto mixto de educacion bilingue intercultural -imebi-,colonia 30 de mayo,40408287,armando audilio pop cucul,jorge erwin cucul quib,diversificado,privado,urbana,cerrada temporalmente,bilingue,doble,fin de semana,alta verapaz
16-08-0183-46,16-013,alta verapaz,senahu,centro educativo san mateo,barrio san antonio,30895016,oscar anibal garcia humblers,celia emperatriz buenafe cuz,diversificado,privado,urbana,abierta,monolingue,matutina,diario(regular),alta verapaz
16-08-0199-46,16-041,alta verapaz,senahu,instituto nacional de educacion diversificada,comunidad la montanesa,79510080,abner david chiqun turcios,arturo ico cholom,diversificado,oficial,rural,abierta,bilingue,vespertina,diario(regular),alta verapaz
16-08-0204-46,16-042,alta verapaz,senahu,instituto nacional de educacion diversificada,cooperativa chireaj,44827126,jorge erwin cucul quib,--,diversificado,oficial,rural,abierta,bilingue,vespertina,diario(regular),alta verapaz
16-08-0205-46,16-040,alta verapaz,senahu,instituto nacional de educacion diversificada,cooperativa santa maria san marcos,42128025,dullier clemente bol bac,--,diversificado,oficial,rural,abierta,bilingue,vespertina,diario(regular),alta verapaz
16-08-0206-46,16-040,alta verapaz,senahu,instituto nacional de educacion diversificada,cooperativa actela,33000059,dullier clemente bol bac,--,diversificado,oficial,rural,abierta,bilingue,vespertina,diario(regular),alta verapaz
16-08-0207-46,16-042,alta verapaz,senahu,instituto nacional de educacion diversificada,aldea yalijux,31977089,jorge erwin cucul quib,--,diversificado,oficial,rural,abierta,bilingue,vespertina,diario(regular),alta verapaz
16-08-0208-46,16-013,alta verapaz,senahu,instituto nacional de educacion diversificada,barrio el centro,48939361,oscar anibal garcia humblers,--,diversificado,oficial,urbana,abierta,bilingue,vespertina,diario(regular),alta verapaz
16-08-0209-46,16-042,alta verapaz,senahu,instituto nacional de educacion diversificada,cooperativa semarac i,49630930,jorge erwin cucul quib,--,diversificado,oficial,rural,abierta,bilingue,vespertina,diario(regular),alta verapaz
16-08-0216-46,16-050,alta verapaz,senahu,centro de educacion extraescolar,senahu,49080250,maximiliano chub ical,alex geovani javier quim tiul,diversificado,oficial,rural,abierta,bilingue,doble,semipresencial,alta verapaz
16-08-0218-46,16-013,alta verapaz,senahu,"centro de estudios preuniversitario cahabon-senahu ""ceprec senahu""",barrio la providencia,45353648,oscar anibal garcia humblers,sergio jariron cucul quib,diversificado,privado,urbana,abierta,monolingue,vespertina,diario(regular),alta verapaz
16-08-0220-46,16-013,alta verapaz,senahu,"centro de estudios preuniversitario cahabon-senahu ""ceprec senahu""",barrio la providencia,45353648,oscar anibal garcia humblers,sergio jairon cucul quib,diversificado,privado,urbana,abierta,monolingue,sin jornada,semipresencial (fin de semana),alta verapaz
16-08-0223-46,16-013,alta verapaz,senahu,colegio particular mixto del valle,barrio la vega,33921275,oscar anibal garcia humblers,ana lucia reiche perez,diversificado,privado,urbana,abierta,monolingue,sin jornada,semipresencial (fin de semana),alta verapaz
16-08-0224-46,16-013,alta verapaz,senahu,colegio particular mixto del valle,barrio la vega,33921275,oscar anibal garcia humblers,ana lucia reiche perez,diversificado,privado,urbana,abierta,monolingue,matutina,diario(regular),alta verapaz
16-08-0225-46,16-013,alta verapaz,senahu,colegio particular mixto del valle,barrio la vega,33921275,oscar anibal garcia humblers,ana lucia reiche perez,diversificado,privado,urbana,abierta,monolingue,vespertina,diario(regular),alta verapaz
16-08-1583-46,16-013,alta verapaz,senahu,instituto privado mixto de magisterio bilingue nauq,barrio centro,49759554,oscar anibal garcia humblers,desconocido,diversificado,privado,urbana,abierta,bilingue,vespertina,diario(regular),alta verapaz
16-08-8292-46,16-013,alta verapaz,senahu,instituto privado mixto de formacion magisterial con orientacion bilingue,barrio el centro,desconocido,oscar anibal garcia humblers,desconocido,diversificado,privado,urbana,cerrada temporalmente,monolingue,vespertina,diario(regular),alta verapaz
16-09-0007-46,16-015,alta verapaz,san pedro carcha,centro educativo nueva vida,8a. calle 4-47 zona 4,desconocido,oscar rene ventura zac,alicia yomara ponce ordonez,diversificado,privado,rural,abierta,monolingue,vespertina,diario(regular),alta verapaz
16-09-0386-46,16-018,alta verapaz,san pedro carcha,instituto nacional de educacion diversificada,aldea campur,55245770,edwin otoniel cucul choc,desconocido,diversificado,oficial,rural,abierta,monolingue,vespertina,diario(regular),alta verapaz
16-09-0717-46,16-015,alta verapaz,san pedro carcha,instituto adolfo v. hall del norte,"3a. calle ""a"" 3-68 zona 4, barrio bella vista",79516463,oscar rene ventura zac,carlos humberto pineda paraiso,diversificado,oficial,urbana,abierta,monolingue,doble,diario(regular),alta verapaz
16-09-0720-46,16-015,alta verapaz,san pedro carcha,instituto tecnico diversificado de bachillerato en construccion,5a calle final zona 1,79515766,oscar rene ventura zac,desconocido,diversificado,oficial,urbana,abierta,monolingue,vespertina,diario(regular),alta verapaz
16-09-0721-46,16-015,alta verapaz,san pedro carcha,"colegio ""sthella de hernandez""",diagonal 2 10-73 zona 2 barrio san pablo,79516876,oscar rene ventura zac,orley edwin melendez rosales,diversificado,privado,urbana,cerrada temporalmente,monolingue,nocturna,diario(regular),alta verapaz
16-09-0742-46,16-015,alta verapaz,san pedro carcha,"liceo ""san pablo""",8a. avenida 4-47,desconocido,oscar rene ventura zac,wilma concepcion de leon,diversificado,privado,urbana,cerrada temporalmente,monolingue,doble,fin de semana,alta verapaz
16-09-0748-46,16-015,alta verapaz,san pedro carcha,liceo intercultural verapacense,8a. calle 4-47 zona 4,77250339,oscar rene ventura zac,edwin federico santa maria,diversificado,privado,urbana,cerrada temporalmente,monolingue,doble,fin de semana,alta verapaz
16-09-0756-46,16-015,alta verapaz,san pedro carcha,colegio sthella de hernandez,"diagonal 2 10-73, zona 2",79516876,oscar rene ventura zac,orley edwin melendez rosales,diversificado,privado,urbana,abierta,monolingue,matutina,diario(regular),alta verapaz
16-09-0760-46,16-015,alta verapaz,san pedro carcha,liceo intercultural verapacense,8a. calle 4-47 zona 4,79516795,oscar rene ventura zac,edwin federico santa maria,diversificado,privado,urbana,abierta,monolingue,doble,fin de semana,alta verapaz
16-09-0763-46,16-018,alta verapaz,san pedro carcha,instituto mixto de educacion bilingue intercultural -imebi-,aldea campur,79514189,edwin otoniel cucul choc,esteban jose ax caal,diversificado,privado,rural,abierta,bilingue,doble,fin de semana,alta verapaz
16-09-0796-46,16-017,alta verapaz,san pedro carcha,instituto nacional de educacion diversificada,aldea caquigual,58138051,fredy oswaldo teyul chiquin,carlos enrique chon caal,diversificado,oficial,rural,abierta,monolingue,vespertina,diario(regular),alta verapaz
16-09-0806-46,16-018,alta verapaz,san pedro carcha,colegio particular mixto san jose,aldea campur,47800170,edwin otoniel cucul choc,miguel angel flores castellanos,diversificado,privado,rural,cerrada temporalmente,monolingue,doble,fin de semana,alta verapaz
16-09-0812-46,16-015,alta verapaz,san pedro carcha,colegio sthella de hernandez,"diagonal 2 10-73 zona 2, barrio san pablo",79516876,oscar rene ventura zac,orley edwin melendez rosales,diversificado,privado,urbana,abierta,monolingue,doble,diario(regular),alta verapaz
16-09-0820-46,16-015,alta verapaz,san pedro carcha,instituto nacional de educacion diversificada,aldea chiquixji,42809114,oscar rene ventura zac,-,diversificado,oficial,rural,abierta,monolingue,vespertina,diario(regular),alta verapaz
16-09-0827-46,16-016,alta verapaz,san pedro carcha,instituto nacional de educacion diversificada,aldea sacrab,44927951,bertha elena pop ho,--,diversificado,oficial,rural,abierta,bilingue,matutina,diario(regular),alta verapaz
16-09-0828-46,16-015,alta verapaz,san pedro carcha,instituto de educacion basica bilingue intercultural la trinidad,"2a. calle 3-24 zona 7, colonia santo domingo",51591871,oscar rene ventura zac,agustin pelico perez,diversificado,privado,urbana,abierta,bilingue,doble,fin de semana,alta verapaz
16-09-0829-46,16-015,alta verapaz,san pedro carcha,"instituto de educacion basica bilingue intercultural ""la trinidad""","2a. calle 3-24 zona 7, colonia santo domingo",51591871,oscar rene ventura zac,agustin pelico perez,diversificado,privado,urbana,cerrada temporalmente,bilingue,matutina,fin de semana,alta verapaz
16-09-0830-46,16-015,alta verapaz,san pedro carcha,instituto tecnico diversificado de bachillerato en construccion,5a calle final zona 1,44457071,oscar rene ventura zac,angel gustavo rivera argueta,diversificado,oficial,urbana,abierta,monolingue,doble,diario(regular),alta verapaz
16-09-0834-46,16-015,alta verapaz,san pedro carcha,liceo de superacion a distancia verapacense,"residenciales raxpec, sector chajuch lote numero 17",77250339,oscar rene ventura zac,silvia yolanda caal quim,diversificado,privado,urbana,abierta,bilingue,doble,a distancia,alta verapaz
16-09-0837-46,16-016,alta verapaz,san pedro carcha,instituto nacional de educacion diversificada,aldea cojaj,44927951,bertha elena pop ho,--,diversificado,oficial,rural,abierta,bilingue,matutina,diario(regular),alta verapaz
16-09-0838-46,16-014,alta verapaz,san pedro carcha,instituto nacional de educacion diversificada,aldea chacalte,40210652,jorge eduardo paque lazaro,--,diversificado,oficial,rural,abierta,bilingue,matutina,diario(regular),alta verapaz
16-09-0839-46,16-014,alta verapaz,san pedro carcha,instituto nacional de educacion diversificada,aldea xicacao,40210652,jorge eduardo paque lazaro,--,diversificado,oficial,rural,abierta,bilingue,matutina,diario(regular),alta verapaz
16-09-0840-46,16-015,alta verapaz,san pedro carcha,instituto nacional de educacion diversificada,"colonia chibujbu, 2a. calle final zona 5",33294964,oscar rene ventura zac,--,diversificado,oficial,urbana,abierta,monolingue,vespertina,diario(regular),alta verapaz
16-09-0844-46,16-015,alta verapaz,san pedro carcha,colegio sagrada familia,4ta. calle final zona 1,77360929,oscar rene ventura zac,moises nicomedes paque caal,diversificado,privado,urbana,abierta,monolingue,vespertina,diario(regular),alta verapaz
16-09-0848-46,16-050,alta verapaz,san pedro carcha,centro de educacion extraescolar,san pedro carcha,42809114,maximiliano chub ical,lissy steissy sierra lopez,diversificado,oficial,urbana,abierta,monolingue,doble,semipresencial,alta verapaz
16-09-0852-46,16-015,alta verapaz,san pedro carcha,colegio salesiano don bosco,5a. calle 7-86 zona 1,79516647,oscar rene ventura zac,german raul caal tiul,diversificado,privado,urbana,abierta,monolingue,matutina,diario(regular),alta verapaz
16-09-0855-46,16-050,alta verapaz,san pedro carcha,centro de educacion extraescolar -ceex-,"6ta. calle 3era. avenida, zona 2",46280307,maximiliano chub ical,sara floridalma cu tiul,diversificado,privado,rural,abierta,bilingue,doble,semipresencial,alta verapaz
16-09-0860-46,16-015,alta verapaz,san pedro carcha,"instituto de educacion basica bilingue intercultural ""la trinidad""","2a. calle 3-24 zona7, colonia santo domingo",51591871,oscar rene ventura zac,agustin pelico perez,diversificado,privado,urbana,abierta,monolingue,sin jornada,semipresencial (fin de semana),alta verapaz
16-09-0862-46,16-015,alta verapaz,san pedro carcha,liceo intercultural verapacense,"8a. calle 4-47, zona 4",45971582,oscar rene ventura zac,yoselin yesenia chocon tzalam,diversificado,privado,urbana,abierta,monolingue,sin jornada,semipresencial (fin de semana),alta verapaz
16-09-0863-46,16-015,alta verapaz,san pedro carcha,colegio sagrada familia,4a. calle final zona 1,51866549,oscar rene ventura zac,moises nicomides paque caal,diversificado,privado,urbana,abierta,monolingue,vespertina,diario(regular),alta verapaz
16-09-0864-46,16-015,alta verapaz,san pedro carcha,colegio mixto privado nueva generacion del norte,"6a. calle 1-78 zona 4, barrio bella vista, sector ii",38881474,oscar rene ventura zac,allan noel alfredo macz chiquin,diversificado,privado,urbana,abierta,monolingue,matutina,diario(regular),alta verapaz
16-09-0865-46,16-015,alta verapaz,san pedro carcha,colegio mixto privado nueva generacion del norte,"6a. calle 1-78 zona 4, barrio bella vista, sector ii",38881474,oscar rene ventura zac,luis arturo lopez perez,diversificado,privado,urbana,cerrada temporalmente,monolingue,vespertina,diario(regular),alta verapaz
16-09-0866-46,16-015,alta verapaz,san pedro carcha,colegio mixto privado nueva generacion del norte,"6a. calle 1-78 zona 4, barrio bella vista, sector ii",38881474,oscar rene ventura zac,allan noel alfredo macz chiquin,diversificado,privado,urbana,abierta,monolingue,doble,fin de semana,alta verapaz
16-09-0868-46,16-015,alta verapaz,san pedro carcha,colegio mixto privado nueva generacion del norte,"6a. calle 1-78 zona 4, barrio bella vista, sector ii",38881474,oscar rene ventura zac,allan noel alfredo macz chiquin,diversificado,privado,urbana,abierta,monolingue,sin jornada,semipresencial (fin de semana),alta verapaz
16-09-0870-46,16-015,alta verapaz,san pedro carcha,centro educativo nueva vida,"8a. calle 4-47, zona 4",36369056,oscar rene ventura zac,juan rax,diversificado,privado,urbana,abierta,monolingue,vespertina,diario(regular),alta verapaz
16-09-1574-46,16-015,alta verapaz,san pedro carcha,centro educativo particular don bosco,aldea tzacaniha,79515955,oscar rene ventura zac,salvador ajualip rodriguez,diversificado,privado,rural,abierta,bilingue,matutina,diario(regular),alta verapaz
16-09-2160-46,16-017,alta verapaz,san pedro carcha,centro educativo don bosco tzacanija,aldea tzacaniha,79515123,fredy oswaldo teyul chiquin,--,diversificado,privado,rural,cerrada temporalmente,monolingue,matutina,diario(regular),alta verapaz
16-09-6450-46,16-015,alta verapaz,san pedro carcha,centro educativo privado talita kumi,"1a. calle 2-50, zona 8",79629100,oscar rene ventura zac,tomas baltazar cuc tzib,diversificado,privado,urbana,abierta,monolingue,matutina,diario(regular),alta verapaz
16-09-7312-46,16-017,alta verapaz,san pedro carcha,instituto tecnico experimental de recursos naturales,finca municipal chipar,57034175,fredy oswaldo teyul chiquin,desconocido,diversificado,privado,rural,cerrada temporalmente,monolingue,doble,diario(regular),alta verapaz
16-09-8333-46,16-015,alta verapaz,san pedro carcha,"colegio particular mixto ""isaias barrientos""",3a. calle 4-55 zona 5,79515655,oscar rene ventura zac,desconocido,diversificado,privado,urbana,cerrada temporalmente,monolingue,vespertina,diario(regular),alta verapaz
16-09-9258-46,16-015,alta verapaz,san pedro carcha,"colegio ""sthella de hernandez""",diagonal 2 10-73 zona 2 barrio san pablo,79516876,oscar rene ventura zac,orley edwin melendez rosales,diversificado,privado,urbana,abierta,monolingue,vespertina,diario(regular),alta verapaz
16-09-9259-46,16-015,alta verapaz,san pedro carcha,"colegio ""sthella de hernandez""",diagonal 2 10-73 zona 2 barrio san pablo,desconocido,oscar rene ventura zac,desconocido,diversificado,privado,urbana,abierta,monolingue,doble,fin de semana,alta verapaz
16-10-0001-46,16-019,alta verapaz,san juan chamelco,"liceo coeducativo privado ""javier de la verapaz""",kilometro 218.5 sede regional universidad rafael landivar,78208583,layza mariela castro caal,julio cesar samayoa alvarez,diversificado,privado,urbana,cerrada temporalmente,monolingue,matutina,diario(regular),alta verapaz
16-10-0050-46,16-019,alta verapaz,san juan chamelco,centro educativo ak naleb,barrio san luis,45066470,layza mariela castro caal,evelyn patricia rosales lopez,diversificado,privado,urbana,cerrada temporalmente,monolingue,doble,fin de semana,alta verapaz
16-10-0051-46,16-019,alta verapaz,san juan chamelco,centro educativo ak naleb,barrio san luis,desconocido,layza mariela castro caal,evelyn patricia rosales lopez,diversificado,privado,urbana,cerrada temporalmente,monolingue,vespertina,diario(regular),alta verapaz
16-10-0052-46,16-019,alta verapaz,san juan chamelco,instituto privado mixto de desarrollo local,1a calle 0-07 zona 1,55147639,layza mariela castro caal,neleyda garcia che,diversificado,privado,urbana,cerrada temporalmente,monolingue,doble,fin de semana,alta verapaz
16-10-0053-46,16-019,alta verapaz,san juan chamelco,colegio san francisco javier de la verapaz,"0 calle 5-98, zona 4",77208313,layza mariela castro caal,julio cesar samayoa alvarez,diversificado,privado,urbana,cerrada temporalmente,monolingue,matutina,diario(regular),alta verapaz
16-10-0056-46,16-019,alta verapaz,san juan chamelco,instituto privado mixto de desarrollo local,1a calle 0-07 zona 1,55147639,layza mariela castro caal,clara luz alvarado,diversificado,privado,urbana,cerrada temporalmente,monolingue,matutina,diario(regular),alta verapaz
16-10-0062-46,16-019,alta verapaz,san juan chamelco,colegio particular mixto kairos,0 avenida 1a. calle no. 002 zona 4 barrio santo domingo,79500460,layza mariela castro caal,luis arturo lopez perez,diversificado,privado,urbana,abierta,monolingue,matutina,diario(regular),alta verapaz
16-10-0063-46,16-019,alta verapaz,san juan chamelco,colegio particular mixto kairos,0 avenida 1a calle no. 002 zona 4 barrio santo domingo,79500460,layza mariela castro caal,luis arturo lopez perez,diversificado,privado,urbana,abierta,monolingue,vespertina,diario(regular),alta verapaz
16-10-0064-46,16-019,alta verapaz,san juan chamelco,instituto nacional de educacion diversificada,"2a. avenida 7-66 zona dos, barrio santa ana oriental",57400249,layza mariela castro caal,luis antonio molina lopez,diversificado,oficial,urbana,abierta,monolingue,vespertina,diario(regular),alta verapaz
16-10-0065-46,16-019,alta verapaz,san juan chamelco,liceo guatemalteco verapacense,barrio resurreccion,79500286,layza mariela castro caal,juan rax,diversificado,privado,urbana,abierta,monolingue,vespertina,diario(regular),alta verapaz
16-10-0066-46,16-019,alta verapaz,san juan chamelco,liceo guatemalteco verapacense,barrio resurreccion,79500286,layza mariela castro caal,juan rax,diversificado,privado,urbana,abierta,monolingue,doble,fin de semana,alta verapaz
16-10-0072-46,16-019,alta verapaz,san juan chamelco,colegio particular mixto kairos,1era. calle 0-02 zona 4,79500460,layza mariela castro caal,0,diversificado,privado,urbana,abierta,bilingue,doble,fin de semana,alta verapaz
16-10-0138-46,16-019,alta verapaz,san juan chamelco,liceo guatemalteco verapacense,barrio resurreccion,36365262,layza mariela castro caal,juan rax,diversificado,privado,urbana,abierta,monolingue,matutina,diario(regular),alta verapaz
16-10-0140-46,16-019,alta verapaz,san juan chamelco,liceo guatemalteco verapacense,barrio resurreccion,36365262,layza mariela castro caal,juan rax,diversificado,privado,urbana,abierta,monolingue,sin jornada,semipresencial (fin de semana),alta verapaz
16-10-1400-46,16-019,alta verapaz,san juan chamelco,instituto tecnico en recursos naturales,finca municipal chipar,79500480,layza mariela castro caal,olga marina cuc sacba,diversificado,privado,urbana,abierta,monolingue,doble,diario(regular),alta verapaz
16-10-3816-46,desconocido,alta verapaz,san juan chamelco,liceo de bachillerato en computacion y educacion para el hogar 'mbm' jm,desconocido,desconocido,desconocido,desconocido,diversificado,privado,urbana,cerrada temporalmente,monolingue,matutina,diario(regular),alta verapaz
16-10-9601-46,16-019,alta verapaz,san juan chamelco,centro educativo menonita q eqchi bezaleel,aldea saquija,79500397,layza mariela castro caal,hector ochoa sierra,diversificado,privado,rural,abierta,monolingue,vespertina,diario(regular),alta verapaz
16-11-0003-46,16-021,alta verapaz,lanquin,"instituto mixto privado ""francisco oswaldo reyes narciso""",barrio san nicolas,57073563,horacio waldemar juarez argueta,julio roderico bailon sierra,diversificado,privado,urbana,cerrada temporalmente,monolingue,doble,fin de semana,alta verapaz
16-11-0027-46,16-021,alta verapaz,lanquin,instituto nacional de educacion diversificada,barrio san nicolas,51735905,horacio waldemar juarez argueta,desconocido,diversificado,oficial,urbana,abierta,monolingue,vespertina,diario(regular),alta verapaz
16-11-0055-46,16-021,alta verapaz,lanquin,instituto mixto de educacion bilingue intercultural imebi,colonia belen,79514189,horacio waldemar juarez argueta,vilma dominga asig pop,diversificado,privado,urbana,cerrada temporalmente,bilingue,vespertina,diario(regular),alta verapaz
16-11-0057-46,16-021,alta verapaz,lanquin,instituto nacional de educacion diversificada,barrio san nicolas,51735905,horacio waldemar juarez argueta,jaime saul iglesias de la cruz,diversificado,oficial,urbana,abierta,monolingue,doble,diario(regular),alta verapaz
16-11-0059-46,16-021,alta verapaz,lanquin,"centro de estudios preuniversitario cahabon-lanquin ""ceprec lanquin""",colonia belen,45353648,horacio waldemar juarez argueta,max benedicto fernandez yaxcal,diversificado,privado,urbana,abierta,monolingue,vespertina,diario(regular),alta verapaz
16-11-0060-46,16-021,alta verapaz,lanquin,"centro de estudios preuniversitario cahabon-lanquin ""ceprec lanquin""",colonia belen,45353648,horacio waldemar juarez argueta,max benedicto fernandez yaxcal,diversificado,privado,urbana,abierta,monolingue,doble,fin de semana,alta verapaz
16-11-0062-46,16-021,alta verapaz,lanquin,"instituto mixto privado ""francisco oswaldo reyes narciso""",barrio san nicolas,57073563,horacio waldemar juarez argueta,luis romeo bailon de la cruz,diversificado,privado,urbana,abierta,monolingue,sin jornada,semipresencial (fin de semana),alta verapaz
16-11-9092-46,16-021,alta verapaz,lanquin,instituto mixto privado de magisterio bilingue,cabecera,30907134,horacio waldemar juarez argueta,axel andres ax caal,diversificado,privado,urbana,abierta,bilingue,vespertina,diario(regular),alta verapaz
16-12-0113-46,16-022,alta verapaz,santa maria cahabon,centro de estudios preuniversitarios cahabon -ceprec-,barrio san pablo,45353648,jose arturo choc chen,ruben dario caal,diversificado,privado,urbana,abierta,monolingue,vespertina,diario(regular),alta verapaz
16-12-0125-46,16-022,alta verapaz,santa maria cahabon,instituto nacional de educacion diversificada,barrio centro,31548885,jose arturo choc chen,desconocido,diversificado,oficial,rural,abierta,monolingue,vespertina,diario(regular),alta verapaz
16-12-0162-46,16-022,alta verapaz,santa maria cahabon,liceo leonardo da vinci l l d,barrio san pablo,45353648,jose arturo choc chen,desconocido,diversificado,privado,urbana,cerrada temporalmente,bilingue,vespertina,diario(regular),alta verapaz
16-12-0182-46,16-022,alta verapaz,santa maria cahabon,instituto agroecologico de educacion bilingue fray domingo de vico,barrio san pedro,57253608,jose arturo choc chen,rudy leonardo choco mo,diversificado,privado,urbana,abierta,bilingue,matutina,diario(regular),alta verapaz
16-12-0189-46,16-022,alta verapaz,santa maria cahabon,instituto nacional de educacion diversificada,aldea pinares,46367384,jose arturo choc chen,-,diversificado,oficial,rural,abierta,monolingue,vespertina,diario(regular),alta verapaz
16-12-0192-46,16-022,alta verapaz,santa maria cahabon,centro de estudios preuniversitario cahabon -ceprec-,barrio san pablo,45353648,jose arturo choc chen,ernesto yaxcal cuz,diversificado,privado,urbana,abierta,monolingue,matutina,diario(regular),alta verapaz
16-12-0195-46,16-022,alta verapaz,santa maria cahabon,fundacion fray domingo de vico,barrio san pedro,57253608,jose arturo choc chen,rudy leonardo choco mo,diversificado,privado,urbana,cerrada temporalmente,bilingue,doble,diario(regular),alta verapaz
16-12-0199-46,16-023,alta verapaz,santa maria cahabon,centro de estudios preuniversitario cahabon -ceprec-,barrio san pablo,45353648,mynor danilo torres juarez,ernesto yaxcal cuz,diversificado,privado,urbana,abierta,monolingue,doble,fin de semana,alta verapaz
16-12-0202-46,16-023,alta verapaz,santa maria cahabon,centro de estudios preuniversitario cahabon -ceprec-,barrio san pablo,45353648,mynor danilo torres juarez,ernesto yaxcal cuz,diversificado,privado,urbana,cerrada temporalmente,bilingue,matutina,fin de semana,alta verapaz
16-12-0203-46,16-050,alta verapaz,santa maria cahabon,centro de educacion extraescolar,santa maria cahabon,46918324,maximiliano chub ical,cruz alberto pop cho,diversificado,oficial,rural,abierta,bilingue,doble,semipresencial,alta verapaz
16-12-0222-46,16-023,alta verapaz,santa maria cahabon,centro de estudios preuniversitario cahabon -ceprec-,barrio san pablo,45353648,mynor danilo torres juarez,ernesto yaxcal cuz,diversificado,privado,urbana,abierta,monolingue,sin jornada,semipresencial (fin de semana),alta verapaz
16-12-1612-46,16-022,alta verapaz,santa maria cahabon,liceo santa maria,barrio san pablo,45353648,jose arturo choc chen,carlos prudencio sanchez maaz,diversificado,privado,urbana,cerrada temporalmente,monolingue,matutina,fin de semana,alta verapaz
16-12-9214-46,16-023,alta verapaz,santa maria cahabon,instituto mixto municipal de magisterio bilingue sepoc,aldea sepoc,37297644,mynor danilo torres juarez,oscar mateo che chub,diversificado,municipal,rural,abierta,bilingue,vespertina,diario(regular),alta verapaz
16-12-9215-46,16-022,alta verapaz,santa maria cahabon,instituto particular ricardo arjona,barrio san juan,58941390,jose arturo choc chen,desconocido,diversificado,privado,urbana,abierta,bilingue,vespertina,diario(regular),alta verapaz
16-13-0225-46,16-024,alta verapaz,chisec,liceo mixto en computacion del norte,"1a. calle y 2a. avenida lote 204, barrio el centro",56626889,alma guny siliezar chocooj,karin jannett herrera coy,diversificado,privado,urbana,abierta,monolingue,doble,fin de semana,alta verapaz
16-13-0226-46,16-024,alta verapaz,chisec,liceo mixto en computacion del norte,"1a. calle y 2a. avenida lote 204, barrio el centro",56626889,alma guny siliezar chocooj,karin jannett herrera coy,diversificado,privado,urbana,cerrada temporalmente,monolingue,doble,fin de semana,alta verapaz
16-13-0227-46,16-026,alta verapaz,chisec,instituto mixto de educacion bilingue intercultural -imebi-,aldea chiquibul,45565203,ileana veronica macz calach,daniel ramos tomas,diversificado,privado,urbana,cerrada temporalmente,monolingue,doble,fin de semana,alta verapaz
16-13-0228-46,16-024,alta verapaz,chisec,colegio cristiano galilea,parcela no. 1 comunidad san simon no. ii,57405697,alma guny siliezar chocooj,bernardo abimael jeremias gonzalez leal,diversificado,privado,urbana,cerrada temporalmente,monolingue,vespertina,diario(regular),alta verapaz
16-13-0240-46,16-024,alta verapaz,chisec,"liceo mixto privado ""senderos para la vida""",barrio la florida,79510080,alma guny siliezar chocooj,humberto chen cabnal,diversificado,privado,urbana,abierta,monolingue,doble,fin de semana,alta verapaz
16-13-0249-46,16-025,alta verapaz,chisec,instituto mixto de educacion fortaleza del futuro -inmeff-,aldea chiquibul,51709961,oscar waldemar milian tiul,augusto ortiz ordonez,diversificado,privado,rural,abierta,monolingue,vespertina,diario(regular),alta verapaz
16-13-0252-46,16-045,alta verapaz,chisec,instituto nacional de educacion diversificada,aldea samococh,31453164,alfonso botzoc can,--,diversificado,oficial,rural,abierta,bilingue,matutina,diario(regular),alta verapaz
16-13-0254-46,16-024,alta verapaz,chisec,instituto nacional de educacion diversificada,barrio el centro,40945091,alma guny siliezar chocooj,hector caal caal,diversificado,oficial,urbana,abierta,monolingue,matutina,diario(regular),alta verapaz
16-13-0263-46,16-024,alta verapaz,chisec,colegio mixto privado asdechi,barrio el centro,53809529,alma guny siliezar chocooj,desconocido,diversificado,privado,urbana,cerrada temporalmente,monolingue,matutina,fin de semana,alta verapaz
16-13-0264-46,16-024,alta verapaz,chisec,colegio mixto privado asdechi,barrio el centro,53809529,alma guny siliezar chocooj,--,diversificado,privado,urbana,abierta,monolingue,doble,fin de semana,alta verapaz
16-13-0265-46,16-024,alta verapaz,chisec,colegio cristiano galilea,comunidad san simon ii,44874651,alma guny siliezar chocooj,hector david nuila sagui,diversificado,privado,rural,abierta,bilingue,matutina,diario(regular),alta verapaz
16-13-0267-46,16-050,alta verapaz,chisec,centro de educacion extraescolar,chisec,46585879,maximiliano chub ical,vilma antonieta rax chon,diversificado,oficial,rural,abierta,bilingue,doble,semipresencial,alta verapaz
16-13-0270-46,16-024,alta verapaz,chisec,"colegio mixto privado ""asdechi""",barrio el centro,53809529,alma guny siliezar chocooj,leonel alfaro gualim valdes,diversificado,privado,urbana,abierta,monolingue,sin jornada,semipresencial (fin de semana),alta verapaz
16-13-0274-46,16-024,alta verapaz,chisec,liceo mixto en computacion del norte,"1a. calle y 2a. avenida lote 204, barrio el centro",31539323,alma guny siliezar chocooj,karin janneth herrera coy,diversificado,privado,urbana,abierta,monolingue,sin jornada,semipresencial (fin de semana),alta verapaz
16-13-9612-46,16-024,alta verapaz,chisec,escuela normal bilingue intercultural,barrio la florida,58871352,alma guny siliezar chocooj,maria graciela caal jucub,diversificado,oficial,urbana,abierta,bilingue,matutina,diario(regular),alta verapaz
16-13-9632-46,16-024,alta verapaz,chisec,colegio de magisterio bilingue nuevo chisec,lotes 682-678 1a. calle 10av. zona 1 barrio nazareth 03/11/2017,55140625,alma guny siliezar chocooj,desconocido,diversificado,privado,rural,cerrada temporalmente,monolingue,vespertina,diario(regular),alta verapaz
16-14-0054-46,16-027,alta verapaz,chahal,instituto nacional de educacion diversificada,barrio centro,desconocido,edetano oxom yat,desconocido,diversificado,oficial,urbana,abierta,monolingue,vespertina,diario(regular),alta verapaz
16-14-0074-46,16-027,alta verapaz,chahal,instituto mixto de educacion bilingue intercultural -imebi-,barrio santo domingo,46340036,edetano oxom yat,julio cesar lopez barrientos,diversificado,privado,urbana,cerrada temporalmente,monolingue,doble,fin de semana,alta verapaz
16-14-0088-46,16-027,alta verapaz,chahal,"instituto de educacion diversificada por cooperativa de ensenanza ""santo domingo""",barrio santo domingo,45803631,edetano oxom yat,xiomara odeth caal rodriguez,diversificado,cooperativa,urbana,abierta,monolingue,vespertina,diario(regular),alta verapaz
16-14-0092-46,16-027,alta verapaz,chahal,instituto de educacion diversificada por cooperativa de ensenanza,barrio santa maria,49057786,edetano oxom yat,--,diversificado,cooperativa,urbana,abierta,monolingue,vespertina,diario(regular),alta verapaz
16-14-1344-46,16-027,alta verapaz,chahal,colegio tecnologico licenciado humberto rivera garcia,barrio el centro san fernando,79832242,edetano oxom yat,desconocido,diversificado,privado,urbana,cerrada temporalmente,monolingue,vespertina,diario(regular),alta verapaz
16-14-1719-46,16-027,alta verapaz,chahal,instituto tecnico vocacional san agustin,aldea san agustin chahal viejo,40096817,edetano oxom yat,larry alberto montenegro miranda,diversificado,privado,urbana,abierta,monolingue,vespertina,diario(regular),alta verapaz
16-15-0002-46,16-028,alta verapaz,fray bartolome de las casas,"colegio particular mixto ""el exito""",calle del campo lote 287 barrio el centro,desconocido,nely magaly quijada ayala,baudilio soto garcia,diversificado,privado,urbana,abierta,monolingue,nocturna,diario(regular),alta verapaz
16-15-0004-46,16-028,alta verapaz,fray bartolome de las casas,centro de promocion femenina ratz um kiche,aldea bolonco,desconocido,nely magaly quijada ayala,hermana mileidi cordero bizondo,diversificado,privado,urbana,cerrada temporalmente,monolingue,doble,fin de semana,alta verapaz
16-15-0096-46,16-028,alta verapaz,fray bartolome de las casas,instituto nacional de educacion diversificada,casco urbano,57192698,nely magaly quijada ayala,desconocido,diversificado,oficial,urbana,abierta,monolingue,vespertina,diario(regular),alta verapaz
16-15-0127-46,16-028,alta verapaz,fray bartolome de las casas,colegio particular mixto fray bartolome de las casas,calle principal 5-81 zona 1,58886168,nely magaly quijada ayala,edwin loyd thompson larios,diversificado,privado,urbana,abierta,monolingue,vespertina,diario(regular),alta verapaz
16-15-0128-46,16-028,alta verapaz,fray bartolome de las casas,"colegio particular mixto ""el exito""",calle principal del barrio el centro,79520351,nely magaly quijada ayala,oscar rene navas pacheco,diversificado,privado,urbana,abierta,monolingue,vespertina,diario(regular),alta verapaz
16-15-0130-46,16-028,alta verapaz,fray bartolome de las casas,"liceo tecnologico ""jose de jesus""",1ra. calle 13-18 zona 2,30358725,nely magaly quijada ayala,manuel de jesus ralios,diversificado,privado,urbana,abierta,monolingue,doble,fin de semana,alta verapaz
16-15-0154-46,16-028,alta verapaz,fray bartolome de las casas,colegio particular mixto el exito,barrio el centro,30464145,nely magaly quijada ayala,oscar rene navas pacheco,diversificado,privado,urbana,abierta,monolingue,matutina,diario(regular),alta verapaz
16-15-0156-46,16-028,alta verapaz,fray bartolome de las casas,instituto mixto de educacion bilingue intercultural,antigua casa campesina inta zona 2,79514189,nely magaly quijada ayala,oscar rolando tzul caal,diversificado,privado,urbana,abierta,bilingue,vespertina,diario(regular),alta verapaz
16-15-0157-46,16-039,alta verapaz,fray bartolome de las casas,centro de promocion femenina rat zum k iche,aldea bolonco,55146762,elmer duban alvarado jasse,mercedes quiros quiros,diversificado,privado,rural,abierta,bilingue,vespertina,diario(regular),alta verapaz
16-15-0163-46,16-028,alta verapaz,fray bartolome de las casas,colegio particular mixto el exito,"calle del campo lote 287, barrio el centro",79510090,nely magaly quijada ayala,oscar rene navas pacheco,diversificado,privado,urbana,cerrada temporalmente,monolingue,matutina,diario(regular),alta verapaz
16-15-0164-46,16-028,alta verapaz,fray bartolome de las casas,colegio particular mixto el exito,"calle del campo lote 287, barrio el centro",79510090,nely magaly quijada ayala,oscar rene navas pacheco,diversificado,privado,urbana,abierta,monolingue,doble,fin de semana,alta verapaz
16-15-1474-46,16-028,alta verapaz,fray bartolome de las casas,liceo tecnologico jose de jesus,1a. calle 13-18 zona 2 fray bartolome de las casas,78422471,nely magaly quijada ayala,desconocido,diversificado,privado,urbana,abierta,monolingue,vespertina,diario(regular),alta verapaz
16-15-2330-46,16-028,alta verapaz,fray bartolome de las casas,instituto mixto privado de magisterio bilingue,barrio magisterio,31774021,nely magaly quijada ayala,desconocido,diversificado,privado,urbana,abierta,monolingue,vespertina,diario(regular),alta verapaz
16-16-0049-46,16-030,alta verapaz,la tinta,instituto nacional de educacion diversificada,casco urbano,51625336,hermelindo coc chub,desconocido,diversificado,oficial,urbana,abierta,monolingue,vespertina,diario(regular),alta verapaz
16-16-0071-46,16-030,alta verapaz,la tinta,instituto mixto privado latino,"barrio pena blanca, zona 6",30300170,hermelindo coc chub,luis alfonso sis de leon,diversificado,privado,urbana,abierta,monolingue,vespertina,diario(regular),alta verapaz
16-16-0072-46,16-030,alta verapaz,la tinta,instituto mixto de educacion bilingue intercultural -imebi-,"barrio el calvario, zona 5",79514189,hermelindo coc chub,hugo felino coy chub,diversificado,privado,rural,abierta,monolingue,doble,fin de semana,alta verapaz
16-16-0109-46,16-038,alta verapaz,la tinta,instituto nacional de educacion diversificada,aldea jolomijixito iii,49355658,elfido wilfredo artola caal,--,diversificado,oficial,rural,abierta,bilingue,vespertina,diario(regular),alta verapaz
16-16-0110-46,16-030,alta verapaz,la tinta,colegio privado mixto santa catalina,barrio el centro,79510080,hermelindo coc chub,hugo felino coy chub,diversificado,privado,urbana,abierta,bilingue,doble,fin de semana,alta verapaz
16-16-0112-46,16-030,alta verapaz,la tinta,colegio particular mixto tinteco maria teresa,"zona 8, barrio el recreo",45647830,hermelindo coc chub,jose gilberto artola choc,diversificado,privado,urbana,abierta,monolingue,vespertina,diario(regular),alta verapaz
16-16-0116-46,16-030,alta verapaz,la tinta,instituto mixto privado latino,barrio pena blanca zona 6,48067726,hermelindo coc chub,--,diversificado,privado,urbana,abierta,monolingue,matutina,fin de semana,alta verapaz
16-16-0118-46,16-030,alta verapaz,la tinta,colegio privado mixto santa catalina,barrio el centro,30829001,hermelindo coc chub,hugo felino coy chub,diversificado,privado,urbana,cerrada temporalmente,monolingue,matutina,fin de semana,alta verapaz
16-16-0119-46,16-030,alta verapaz,la tinta,colegio privado mixto santa catalina,barrio el centro,30829001,hermelindo coc chub,hugo felino coy chub,diversificado,privado,urbana,abierta,bilingue,vespertina,diario(regular),alta verapaz
16-16-0125-46,16-030,alta verapaz,la tinta,"colegio particular mixto tinteco ""maria teresa""",santa catalina la tinta,45647830,hermelindo coc chub,desconocido,diversificado,privado,urbana,cerrada temporalmente,monolingue,matutina,fin de semana,alta verapaz
16-16-0126-46,16-030,alta verapaz,la tinta,"colegio particular mixto tinteco ""maria teresa""",barrio campo nuevo zona 2,45647830,hermelindo coc chub,desconocido,diversificado,privado,urbana,abierta,monolingue,doble,fin de semana,alta verapaz
16-16-0131-46,16-030,alta verapaz,la tinta,instituto mixto privado latino,barrio pena blanca zona 6,37311196,hermelindo coc chub,aristides efren lopez gomez,diversificado,privado,urbana,abierta,monolingue,doble,fin de semana,alta verapaz
16-16-0132-46,16-030,alta verapaz,la tinta,instituto mixto privado latino,"barrio pena blanca, zona 6",37311196,hermelindo coc chub,aristides efren lopez gomez,diversificado,privado,urbana,abierta,monolingue,sin jornada,semipresencial (fin de semana),alta verapaz
16-16-0134-46,16-030,alta verapaz,la tinta,colegio particular mixto tinteco maria teresa,barrio campo nuevo,37229189,hermelindo coc chub,lilyana elizabeth artola choc,diversificado,privado,urbana,abierta,monolingue,sin jornada,semipresencial (fin de semana),alta verapaz
16-16-0135-46,16-030,alta verapaz,la tinta,liceo cristiano ebenezer,"barrio campo nuevo, zona 2",57439100,hermelindo coc chub,rosaura herlinda lajuj alvarado,diversificado,privado,urbana,abierta,monolingue,matutina,diario(regular),alta verapaz
16-16-0136-46,16-030,alta verapaz,la tinta,liceo cristiano ebenezer,"barrio campo nuevo, zona 2",57439100,hermelindo coc chub,rosaura herlinda lajuj alvarado,diversificado,privado,urbana,abierta,monolingue,doble,fin de semana,alta verapaz
16-16-0138-46,16-030,alta verapaz,la tinta,colegio privado mixto santa catalina,barrio el centro,30829001,hermelindo coc chub,ana maribel beltran calat de leal,diversificado,privado,urbana,abierta,monolingue,sin jornada,semipresencial (fin de semana),alta verapaz
16-16-0139-46,16-038,alta verapaz,la tinta,liceo cristiano ebenezer,"barrio campo nuevo, zona 2",57439100,elfido wilfredo artola caal,rosaura herlinda lajuj alvarado,diversificado,privado,urbana,abierta,monolingue,matutina,diario(regular),alta verapaz
16-16-8541-46,16-030,alta verapaz,la tinta,instituto mixto privado 'el porvenir',barrio el centro zona 1,46580200,hermelindo coc chub,desconocido,diversificado,privado,urbana,abierta,monolingue,vespertina,diario(regular),alta verapaz
16-17-0066-46,16-026,alta verapaz,raxruha,"instituto mixto de magisterio bilingue ""san antonio de padua""",barrio santa maria,57596947,ileana veronica macz calach,desconocido,diversificado,privado,urbana,abierta,monolingue,vespertina,diario(regular),alta verapaz
16-17-0071-46,16-017,alta verapaz,raxruha,colegio mixto privado bilingue san juan,barrio concepcion,53303170,fredy oswaldo teyul chiquin,desconocido,diversificado,privado,urbana,cerrada temporalmente,monolingue,vespertina,diario(regular),alta verapaz
16-17-0081-46,16-026,alta verapaz,raxruha,colegio mixto privado bilingue san juan,barrio concepcion,desconocido,ileana veronica macz calach,angel yonny garcia molina,diversificado,privado,urbana,cerrada temporalmente,monolingue,doble,fin de semana,alta verapaz
16-17-0115-46,16-026,alta verapaz,raxruha,liceo san jose la primavera,aldea san jose el tesoro,58035046,ileana veronica macz calach,nilsa esmeralda garcia benitez,diversificado,privado,rural,cerrada temporalmente,monolingue,vespertina,diario(regular),alta verapaz
16-17-0120-46,16-017,alta verapaz,raxruha,instituto mixto de educacion bilingue intercultural -imebi-,barrio santa maria,58209425,fredy oswaldo teyul chiquin,romulo efren quiroa luis,diversificado,privado,urbana,cerrada temporalmente,monolingue,doble,fin de semana,alta verapaz
16-17-0123-46,16-026,alta verapaz,raxruha,instituto nacional de educacion diversificada,barrio concepcion,33530288,ileana veronica macz calach,jose manuel de la cruz ramirez,diversificado,oficial,urbana,abierta,monolingue,vespertina,diario(regular),alta verapaz
16-17-0143-46,16-050,alta verapaz,raxruha,centro de educacion extraescolar,raxruha,48488623,maximiliano chub ical,edgar florencio tut chub,diversificado,oficial,urbana,abierta,monolingue,doble,semipresencial,alta verapaz
16-17-0144-46,16-026,alta verapaz,raxruha,"instituto mixto de magisterio bilingue ""san antonio de padua""",barrio santa maria,40659805,ileana veronica macz calach,mateo coc cuc,diversificado,privado,urbana,abierta,monolingue,doble,fin de semana,alta verapaz
16-17-0147-46,16-026,alta verapaz,raxruha,"instituto mixto de magisterio bilingue ""san antonio de padua""",barrio santa maria,57533118,ileana veronica macz calach,mateo coc cuc,diversificado,privado,urbana,abierta,monolingue,sin jornada,semipresencial (fin de semana),alta verapaz
